Date,Open,High,Low,Close,Adj_Close,Volume,sentiment
2018-02-01,43.102501000000004,45.8423,32.171799,33.515701,33.515701,2537370.0,30
2018-02-02,33.6759,34.634499,24.298401000000002,32.754601,32.754601,2056210.0,15
2018-02-03,32.8451,40.762199,29.808598999999997,39.9286,39.9286,1674510.0,40
2018-02-04,39.180801,39.855598,29.0823,30.7638,30.7638,1110740.0,24
2018-02-05,30.620399,31.4021,21.237499,22.84690100000001,22.84690100000001,1280740.0,11
2018-02-06,22.7696,28.4191,18.3302,27.8057,27.8057,1304530.0,8
2018-02-07,28.027901,29.821501,24.343901000000002,24.343901000000002,24.343901000000002,851414.0,36
2018-02-08,24.493601,28.132998999999998,24.2017,27.246599,27.246599,896239.0,30
2018-02-09,27.6749,31.5184,25.8291,31.297898999999997,31.297898999999997,1221560.0,44
2018-02-10,31.233101,33.213299,27.243601,28.6017,28.6017,1300500.0,54
2018-02-11,28.585698999999998,28.618401000000002,26.6031,27.0509,27.0509,594156.0,31
2018-02-12,27.2869,32.735901,27.2869,32.554798,32.554798,1169820.0,42
2018-02-13,32.6674,33.023499,28.999701,31.207199,31.207199,1390160.0,35
2018-02-14,31.191799,37.6026,30.268801,37.6026,37.6026,1403030.0,55
2018-02-15,37.425499,39.847099,36.055801,38.703899,38.703899,1642050.0,71
2018-02-16,38.6586,40.238701,36.042198,37.492199,37.492199,959724.0,67
2018-02-17,37.450298,38.597698,35.046397999999996,35.248501,35.248501,1156900.0,74
2018-02-18,35.389702,35.9431,28.4837,28.4837,28.4837,1276310.0,63
2018-02-19,28.4779,30.832399,27.9988,30.4876,30.4876,1714100.0,67
2018-02-20,30.5116,31.4307,28.037201,28.2579,28.2579,1226340.0,74
2018-02-21,28.2264,28.738701000000002,25.799801000000002,26.1744,26.1744,812158.0,54
2018-02-22,26.15940100000001,27.8111,22.556499,23.6889,23.6889,912290.0,44
2018-02-23,23.846001,25.5371,23.3241,24.2735,24.2735,746574.0,39
2018-02-24,24.233801,25.231701,22.183598999999997,22.999399,22.999399,539853.0,31
2018-02-25,22.996,23.5776,20.918699,21.54050100000001,21.54050100000001,491596.0,33
2018-02-26,21.3109,23.556101,21.110701000000002,22.2211,22.2211,664497.0,37
2018-02-27,22.2227,23.26460100000001,20.985398999999997,22.8064,22.8064,881977.0,44
2018-02-28,22.8004,24.5371,21.614901,21.944599,21.944599,692539.0,41
2018-03-01,21.954399,22.690901,21.372999,21.979799,21.979799,430538.0,38
2018-03-02,22.010599,23.2724,21.6513,23.134899,23.134899,505606.0,47
2018-03-03,23.170799,24.5389,22.662399,22.975,22.975,625879.0,56
2018-03-04,22.968598999999998,22.973801,22.029498999999998,22.635,22.635,393438.0,44
2018-03-05,22.436199,23.325398999999997,21.6915,22.3458,22.3458,469573.0,55
2018-03-06,22.306,22.306,19.961,20.197901,20.197901,553708.0,59
2018-03-07,20.205099,21.204201,16.5898,17.457898999999998,17.457898999999998,505036.0,37
2018-03-08,17.545601,17.634199,15.5567,15.6467,15.6467,648082.0,39
2018-03-09,15.7312,16.677099,13.4191,16.094101000000002,16.094101000000002,530649.0,37
2018-03-10,16.658199,17.2509,14.7412,14.9154,14.9154,239232.0,39
2018-03-11,14.8837,15.9899,14.2535,15.6494,15.6494,199198.0,40
2018-03-12,15.6097,18.6122,15.6097,16.7323,16.7323,529315.0,41
2018-03-13,16.739201,17.7292,15.9581,16.174101,16.174101,413983.0,41
2018-03-14,16.378099,16.8456,13.8676,14.2667,14.2667,280739.0,40
2018-03-15,14.229,14.4196,12.858,13.8035,13.8035,315681.0,32
2018-03-16,13.9113,14.7806,13.1101,13.1644,13.1644,479460.0,33
2018-03-17,13.1792,13.4684,11.7121,11.9445,11.9445,180958.0,31
2018-03-18,11.8257,12.1202,9.983080000000001,11.94,11.94,487092.0,29
2018-03-19,11.9102,13.9726,11.9102,13.9726,13.9726,595360.0,29
2018-03-20,14.085,14.085,12.4419,13.7082,13.7082,304249.0,37
2018-03-21,13.6952,13.8131,12.4689,13.1475,13.1475,339059.0,36
2018-03-22,13.1387,13.7148,12.1551,12.6936,12.6936,209194.0,36
2018-03-23,12.723,13.7811,11.7047,13.5726,13.5726,325572.0,28
2018-03-24,13.9892,15.9592,13.3586,15.4832,15.4832,812433.0,32
2018-03-25,15.1879,15.336,13.7578,14.3095,14.3095,279519.0,30
2018-03-26,14.3456,14.4394,12.434,13.1255,13.1255,352554.0,31
2018-03-27,13.1032,13.1672,12.1405,12.3176,12.3176,176057.0,24
2018-03-28,12.3183,12.7445,11.9724,12.1312,12.1312,192622.0,24
2018-03-29,12.0765,12.3155,10.4561,10.6331,10.6331,184268.0,18
2018-03-30,10.5951,10.9656,9.99036,10.4016,10.4016,120258.0,12
2018-03-31,10.401,10.9252,10.2725,10.4279,10.4279,120444.0,16
2018-04-01,10.4272,11.0893,9.649560000000001,10.5712,10.5712,149261.0,16
2018-04-02,10.6937,11.3254,10.4808,11.1601,11.1601,223748.0,11
2018-04-03,11.1725,11.7694,10.9419,11.6316,11.6316,233909.0,22
2018-04-04,11.5852,12.0449,10.6224,11.0319,11.0319,250134.0,22
2018-04-05,11.0311,11.0311,10.3784,10.6804,10.6804,69582.0,17
2018-04-06,10.6447,12.6174,10.6287,11.3158,11.3158,206159.0,19
2018-04-07,11.0979,12.102,11.0796,11.8601,11.8601,138863.0,20
2018-04-08,11.8687,12.5827,11.782,12.0797,12.0797,85306.0,17
2018-04-09,12.0928,12.3198,10.9664,11.4078,11.4078,156279.0,21
2018-04-10,11.4803,11.6154,11.0081,11.3509,11.3509,102199.0,18
2018-04-11,11.3698,12.6464,11.3144,12.6464,12.6464,130292.0,20
2018-04-12,12.6224,15.1791,12.4967,15.1495,15.1495,647067.0,18
2018-04-13,15.165,15.6681,14.8225,14.8225,14.8225,258601.0,23
2018-04-14,14.7601,15.4805,14.6891,14.9617,14.9617,172714.0,23
2018-04-15,14.975,15.7907,14.975,15.624,15.624,164487.0,23
2018-04-16,15.6133,15.8797,14.8404,15.7597,15.7597,210161.0,23
2018-04-17,15.8487,17.2297,15.393,16.190201000000002,16.190201000000002,470183.0,26
2018-04-18,16.3006,16.764098999999998,15.8273,16.6418,16.6418,364375.0,24
2018-04-19,16.558901000000002,18.2528,16.508101,17.5147,17.5147,515495.0,25
2018-04-20,17.519699,21.2176,17.468598999999998,20.4736,20.4736,788554.0,26
2018-04-21,20.4846,20.9522,18.141899,20.843901000000002,20.843901000000002,408597.0,32
2018-04-22,21.150101,21.4484,19.457701,20.889098999999998,20.889098999999998,356261.0,31
2018-04-23,20.7229,21.7495,19.687599,20.4681,20.4681,715221.0,28
2018-04-24,20.4825,21.469101000000002,20.3904,20.988501,20.988501,483614.0,29
2018-04-25,20.846001,20.8557,16.980499,17.2108,17.2108,441246.0,64
2018-04-26,17.327,18.750799,16.7321,18.4611,18.4611,279087.0,47
2018-04-27,18.7362,19.3521,18.0819,18.2698,18.2698,250183.0,55
2018-04-28,18.197901,19.427601,18.0881,19.2868,19.2868,197215.0,54
2018-04-29,19.2812,19.595699,18.077499,18.809401,18.809401,188418.0,61
2018-04-30,18.813499,20.6483,18.313801,19.858,19.858,636007.0,59
2018-05-01,19.870001000000002,20.898198999999998,18.794399,20.898198999999998,20.898198999999998,428577.0,56
2018-05-02,20.8053,21.346701,20.2446,20.702,20.702,407376.0,52
2018-05-03,20.938801,21.2596,20.1346,21.096901000000006,21.096901000000006,413934.0,55
2018-05-04,21.093398999999998,21.093398999999998,19.901501,20.0016,20.0016,271148.0,56
2018-05-05,20.011999,20.357599,18.7045,19.070999,19.070999,391812.0,63
2018-05-06,19.1476,19.407498999999998,18.2101,18.628799,18.628799,214001.0,67
2018-05-07,18.562401,19.664499,17.3344,18.3027,18.3027,353192.0,56
2018-05-08,18.6208,18.910801,17.4219,17.752198999999994,17.752198999999994,301057.0,62
2018-05-09,17.758499,18.0924,16.7929,17.9035,17.9035,213022.0,53
2018-05-10,17.895398999999994,19.5014,17.7157,17.730801,17.730801,438111.0,63
2018-05-11,17.750401,17.789801,16.0383,16.3008,16.3008,201458.0,41
2018-05-12,16.2598,16.601801000000002,15.6298,16.0406,16.0406,132341.0,44
2018-05-13,15.9649,17.004299,15.8542,16.4622,16.4622,232018.0,40
2018-05-14,16.459101,16.686701,15.2273,16.320101,16.320101,305228.0,40
2018-05-15,16.2871,16.994101,15.5836,15.7034,15.7034,249525.0,40
2018-05-16,15.6981,15.8279,14.3655,15.050999999999998,15.050999999999998,184260.0,32
2018-05-17,15.0479,15.8574,14.0141,14.36,14.36,144698.0,31
2018-05-18,14.3655,14.9065,13.7987,14.5328,14.5328,157874.0,37
2018-05-19,14.3476,15.3114,14.2118,14.8935,14.8935,272417.0,31
2018-05-20,14.9037,15.209,14.1869,14.9175,14.9175,135359.0,32
2018-05-21,14.9828,15.2351,14.5074,14.8704,14.8704,143975.0,41
2018-05-22,14.91,14.9465,13.616,13.6896,13.6896,136544.0,30
2018-05-23,13.6825,13.7608,12.1741,12.3003,12.3003,202854.0,26
2018-05-24,12.287,12.9316,11.6331,12.8347,12.8347,162963.0,27
2018-05-25,12.7335,13.1731,12.0888,12.3569,12.3569,201134.0,25
2018-05-26,12.3466,12.6453,11.763,11.7943,11.7943,83506.0,23
2018-05-27,11.7913,11.9355,11.0616,11.3992,11.3992,180663.0,19
2018-05-28,11.371,11.5957,10.7688,10.8227,10.8227,126035.0,22
2018-05-29,10.8188,12.0415,10.6728,11.374,11.374,181978.0,16
2018-05-30,11.3834,11.628,11.1228,11.5492,11.5492,100664.0,38
2018-05-31,11.6335,11.8625,11.2855,11.6984,11.6984,107155.0,25
2018-06-01,11.6205,12.3546,11.6178,12.2123,12.2123,156421.0,24
2018-06-02,12.1366,12.4508,12.0402,12.2053,12.2053,51302.0,27
2018-06-03,12.2076,12.3772,12.1025,12.2882,12.2882,48741.0,40
2018-06-04,12.3848,12.521,11.9615,12.1569,12.1569,119368.0,41
2018-06-05,12.1527,12.1901,11.717,11.9384,11.9384,114917.0,26
2018-06-06,11.9268,12.3503,11.8896,12.0726,12.0726,124810.0,42
2018-06-07,12.0759,12.7545,11.9763,12.5734,12.5734,148248.0,38
2018-06-08,12.583,13.4096,12.4954,12.6122,12.6122,293861.0,40
2018-06-09,12.6066,13.4423,12.5961,12.939,12.939,141310.0,39
2018-06-10,12.951,12.951,10.7201,10.8562,10.8562,213786.0,24
2018-06-11,10.8705,11.8607,10.8261,11.8607,11.8607,224471.0,15
2018-06-12,11.8517,12.5906,11.5277,11.9345,11.9345,482629.0,19
2018-06-13,12.1135,12.7006,11.1415,11.2239,11.2239,380064.0,19
2018-06-14,11.2444,12.5386,10.8772,12.4086,12.4086,199576.0,17
2018-06-15,12.3908,12.4559,11.6045,11.7161,11.7161,161564.0,26
2018-06-16,11.6843,11.8425,11.2601,11.3961,11.3961,112329.0,22
2018-06-17,11.4172,11.5192,10.4672,10.6053,10.6053,249232.0,23
2018-06-18,10.5105,11.2873,10.4099,11.2702,11.2702,192185.0,27
2018-06-19,11.2269,11.2766,10.7883,10.9513,10.9513,118289.0,32
2018-06-20,10.9525,11.0229,10.7583,10.89,10.89,107926.0,34
2018-06-21,10.8814,11.0234,10.7827,10.9218,10.9218,88406.0,37
2018-06-22,10.9197,10.9254,8.56553,8.7882,8.7882,298322.0,28
2018-06-23,8.78833,9.03857,8.69024,8.723930000000001,8.723930000000001,81651.0,17
2018-06-24,8.72338,8.72967,7.28446,7.772660000000001,7.772660000000001,178196.0,15
2018-06-25,7.77301,8.28582,7.69198,8.27979,8.27979,94513.0,16
2018-06-26,8.15231,8.27753,7.917000000000002,8.075610000000001,8.075610000000001,90307.0,21
2018-06-27,8.0751,8.14241,7.68622,7.86781,7.86781,92673.0,18
2018-06-28,7.872219999999999,7.9199800000000025,7.44992,7.4722300000000015,7.4722300000000015,50331.0,20
2018-06-29,7.46965,7.542999999999997,6.68514,7.49568,7.49568,104439.0,16
2018-06-30,7.50295,7.9580600000000015,7.34951,7.478089999999999,7.478089999999999,76741.0,22
2018-07-01,7.47917,7.737310000000001,7.34143,7.44154,7.44154,67063.0,27
2018-07-02,7.4429300000000005,8.67044,7.28345,8.55298,8.55298,87755.0,27
2018-07-03,8.5309,8.57987,8.0861,8.44543,8.44543,117663.0,31
2018-07-04,8.44558,8.80005,8.195910000000001,8.6082,8.6082,66775.0,33
2018-07-05,8.61978,8.74549,8.22184,8.28862,8.28862,86358.0,37
2018-07-06,8.287180000000001,8.293610000000001,7.78747,8.15365,8.15365,52761.0,34
2018-07-07,8.21303,8.43259,7.53003,7.7911199999999985,7.7911199999999985,318171.0,34
2018-07-08,7.75967,8.15247,7.50192,7.940060000000001,7.940060000000001,89365.0,38
2018-07-09,7.9431600000000016,8.03099,7.524610000000001,7.63135,7.63135,54322.0,39
2018-07-10,7.62637,7.64365,7.17421,7.2272,7.2272,58285.0,37
2018-07-11,7.23723,7.3388,6.93508,7.22613,7.22613,39307.0,29
2018-07-12,7.22423,7.3357100000000015,6.8792,7.00586,7.00586,44569.0,33
2018-07-13,7.0075199999999995,7.25135,6.82267,7.09939,7.09939,70196.0,29
2018-07-14,7.08321,7.1809600000000025,6.787610000000001,6.90627,6.90627,47838.0,29
2018-07-15,6.904739999999999,7.58817,6.89407,7.55934,7.55934,48468.0,32
2018-07-16,7.566289999999999,7.99454,7.43648,7.9912300000000025,7.9912300000000025,87489.0,36
2018-07-17,7.9289999999999985,8.597560000000001,7.67097,8.56065,8.56065,106012.0,39
2018-07-18,8.55471,9.65756,8.50426,8.99094,8.99094,186962.0,42
2018-07-19,8.955739999999997,9.088460000000001,8.54705,8.54705,8.54705,84291.0,44
2018-07-20,8.45473,8.71344,7.96628,8.16405,8.16405,84128.0,47
2018-07-21,8.16403,8.35191,7.9386600000000005,8.20941,8.20941,26182.0,43
2018-07-22,8.20797,8.62629,8.11861,8.46557,8.46557,38460.0,46
2018-07-23,8.4591,9.05952,8.12373,8.157760000000001,8.157760000000001,126704.0,44
2018-07-24,8.22586,8.686,8.0985,8.42044,8.42044,147839.0,49
2018-07-25,8.25548,8.43956,7.66211,7.8186800000000005,7.8186800000000005,365290.0,54
2018-07-26,7.81395,8.08962,7.24609,7.2717899999999975,7.2717899999999975,102336.0,53
2018-07-27,7.286339999999999,7.50042,6.976210000000001,7.38008,7.38008,76619.0,47
2018-07-28,7.39152,7.46961,7.11572,7.34505,7.34505,44438.0,54
2018-07-29,7.3666199999999975,7.40297,7.04073,7.198060000000001,7.198060000000001,71201.0,54
2018-07-30,7.201789999999999,7.2721800000000005,6.92385,7.17373,7.17373,43744.0,53
2018-07-31,7.16366,7.16366,6.14155,6.15492,6.15492,119508.0,48
2018-08-01,6.15928,6.2777400000000005,5.72848,5.83329,5.83329,103568.0,39
2018-08-02,5.83493,6.08858,5.8341199999999995,5.90691,5.90691,35847.0,39
2018-08-03,5.9065400000000015,6.36051,5.77747,5.98193,5.98193,108819.0,36
2018-08-04,5.98965,6.0503,5.58448,5.58448,5.58448,60496.0,31
2018-08-05,5.58663,5.69638,5.51277,5.60681,5.60681,19166.0,23
2018-08-06,5.5785599999999995,5.82661,5.24887,5.31757,5.31757,66052.0,25
2018-08-07,5.3160300000000005,5.70274,5.011369999999999,5.0322,5.0322,113409.0,25
2018-08-08,5.03661,5.03661,3.906,4.08839,4.08839,181752.0,23
2018-08-09,4.13189,4.45296,3.8588199999999997,4.30776,4.30776,282403.0,19
2018-08-10,4.305630000000002,4.37639,3.8687,3.9399699999999998,3.9399699999999998,19108.0,21
2018-08-11,3.9375,4.0574900000000005,3.65964,3.98374,3.98374,64569.0,18
2018-08-12,3.9746,4.14646,3.87929,3.96388,3.96388,46300.0,18
2018-08-13,3.96316,4.2359599999999995,3.82973,3.8929199999999997,3.8929199999999997,36584.0,21
2018-08-14,3.8903,3.93771,3.592,3.83124,3.83124,92373.0,16
2018-08-15,3.82867,4.40534,3.74358,3.8082300000000004,3.8082300000000004,69819.0,18
2018-08-16,3.8134099999999997,4.06407,3.7458400000000003,4.03076,4.03076,15032.0,21
2018-08-17,4.02949,4.47166,3.95856,4.32758,4.32758,74938.0,19
2018-08-18,4.3354,4.4275,4.16857,4.22625,4.22625,15412.0,24
2018-08-19,4.22731,4.40931,4.15607,4.31683,4.31683,12036.0,27
2018-08-20,4.40724,4.44233,4.10652,4.2467,4.2467,28039.0,26
2018-08-21,4.24496,4.2563900000000015,3.96233,4.19654,4.19654,44170.0,19
2018-08-22,4.19648,4.3751,3.99194,4.05269,4.05269,19565.0,21
2018-08-23,4.05382,4.2307,3.98241,4.1954199999999995,4.1954199999999995,17833.0,18
2018-08-24,4.19735,4.38586,4.0767,4.249969999999999,4.249969999999999,20438.0,19
2018-08-25,4.18577,4.52879,4.18577,4.4737599999999995,4.4737599999999995,10097.0,22
2018-08-26,4.48038,4.48803,4.27144,4.472169999999998,4.472169999999998,9892.0,19
2018-08-27,4.471,4.51652,4.24695,4.44335,4.44335,13621.0,18
2018-08-28,4.4366699999999994,4.69923,4.30235,4.47965,4.47965,43752.0,19
2018-08-29,4.48289,5.10717,4.3467199999999995,4.86864,4.86864,55069.0,19
2018-08-30,4.89963,5.43465,4.82238,5.1340699999999995,5.1340699999999995,80388.0,22
2018-08-31,5.1332900000000015,5.53742,4.91021,5.53742,5.53742,62225.0,17
2018-09-01,5.4287300000000025,5.7221800000000025,5.0937,5.51443,5.51443,41936.0,21
2018-09-02,5.5163800000000025,5.72013,5.367719999999999,5.367719999999999,5.367719999999999,25794.0,18
2018-09-03,5.4732,5.5087699999999975,5.078,5.17984,5.17984,38539.0,19
2018-09-04,5.1797699999999995,5.5415800000000015,5.10226,5.32311,5.32311,39065.0,26
2018-09-05,5.32625,5.41631,4.58597,4.58597,4.58597,23644.0,17
2018-09-06,4.55218,4.55218,4.13525,4.35021,4.35021,50767.0,14
2018-09-07,4.347,4.3531900000000014,4.09888,4.250780000000002,4.250780000000002,34182.0,17
2018-09-08,4.25188,4.3084,3.95013,4.0854800000000004,4.0854800000000004,18649.0,18
2018-09-09,4.08413,4.22307,4.00476,4.0581,4.0581,13835.0,13
2018-09-10,4.05638,4.07381,3.84323,3.89566,3.89566,25207.0,15
2018-09-11,3.8971199999999997,4.0331800000000015,3.7199400000000002,3.7597099999999997,3.7597099999999997,41272.0,18
2018-09-12,3.76007,3.83321,3.5800300000000003,3.7609,3.7609,34906.0,14
2018-09-13,3.74813,4.119759999999999,3.74813,4.05828,4.05828,40484.0,20
2018-09-14,4.056369999999999,4.06888,3.8400199999999995,3.8993300000000004,3.8993300000000004,35252.0,23
2018-09-15,3.8949800000000003,4.12293,3.8868,3.98381,3.98381,9204.0,24
2018-09-16,3.99211,4.01834,3.84994,3.9178900000000003,3.9178900000000003,6318.0,28
2018-09-17,3.92414,3.95563,3.72269,3.75996,3.75996,11598.0,25
2018-09-18,3.7602900000000004,3.7972300000000003,3.6287599999999998,3.67985,3.67985,13392.0,21
2018-09-19,3.68141,3.77786,3.27579,3.27579,3.27579,36741.0,24
2018-09-20,3.3352199999999996,3.4429199999999995,3.2437099999999996,3.40116,3.40116,35817.0,24
2018-09-21,3.4003300000000003,3.78692,3.3939800000000004,3.7656699999999996,3.7656699999999996,27161.0,31
2018-09-22,3.7871300000000003,3.89877,3.4592199999999997,3.72689,3.72689,38421.0,35
2018-09-23,3.72821,3.73826,3.35247,3.42595,3.42595,82295.0,38
2018-09-24,3.42675,3.4369199999999998,3.2865599999999997,3.3016199999999998,3.3016199999999998,30144.0,43
2018-09-25,3.2973,3.29841,3.01209,3.09323,3.09323,50184.0,37
2018-09-26,3.0902,3.23393,3.0461,3.1351299999999998,3.1351299999999998,30846.0,37
2018-09-27,3.1208299999999998,3.3238,3.1200099999999997,3.2985599999999997,3.2985599999999997,11504.0,42
2018-09-28,3.29903,3.5825,3.29903,3.4954400000000003,3.4954400000000003,27051.0,42
2018-09-29,3.49364,3.49445,3.2970300000000003,3.3715900000000003,3.3715900000000003,15729.0,37
2018-09-30,3.3707300000000004,3.3923099999999997,3.23,3.37019,3.37019,14574.0,34
2018-10-01,3.35972,3.4210199999999995,3.22355,3.29314,3.29314,11717.0,35
2018-10-02,3.28542,3.3332699999999997,3.1903099999999998,3.2657599999999998,3.2657599999999998,9007.0,33
2018-10-03,3.26684,3.34125,2.97667,3.09143,3.09143,31552.0,36
2018-10-04,3.095,3.28881,3.00547,3.2757,3.2757,16601.0,29
2018-10-05,3.26586,3.3082300000000004,3.10223,3.2238,3.2238,4651.0,37
2018-10-06,3.2114599999999998,3.26769,3.03518,3.19691,3.19691,14538.0,34
2018-10-07,3.20787,3.2702,3.03283,3.0888299999999997,3.0888299999999997,9914.0,29
2018-10-08,3.09035,3.2310000000000003,3.04714,3.06694,3.06694,12361.0,26
2018-10-09,3.07575,3.13226,2.91305,2.94426,2.94426,5619.0,31
2018-10-10,2.93497,3.07576,2.85677,2.96007,2.96007,12341.0,28
2018-10-11,2.95221,3.00367,2.66758,2.7551900000000002,2.7551900000000002,24707.0,19
2018-10-12,2.75351,2.83624,2.6586,2.79183,2.79183,10383.0,13
2018-10-13,2.79189,3.01048,2.77831,2.84616,2.84616,12720.0,15
2018-10-14,2.8468400000000003,2.92797,2.7480900000000004,2.7480900000000004,2.7480900000000004,5101.0,18
2018-10-15,2.74952,3.0316,2.70653,2.88712,2.88712,10562.0,20
2018-10-16,2.87358,3.04135,2.8458799999999997,2.9091099999999996,2.9091099999999996,9406.0,24
2018-10-17,2.91785,2.97653,2.8302,2.87142,2.87142,5472.0,23
2018-10-18,2.8795900000000003,3.75026,2.86623,3.26281,3.26281,69569.0,26
2018-10-19,3.2624299999999997,3.5021199999999997,3.17282,3.37678,3.37678,49987.0,24
2018-10-20,3.3786400000000003,3.4851900000000002,3.25837,3.42032,3.42032,11239.0,21
2018-10-21,3.4210300000000005,3.7527800000000004,3.3159199999999998,3.43145,3.43145,29597.0,21
2018-10-22,3.42961,3.4598400000000002,3.16026,3.18555,3.18555,15592.0,27
2018-10-23,3.18541,3.50905,3.17179,3.4031300000000004,3.4031300000000004,21146.0,24
2018-10-24,3.3883099999999997,3.5033,3.3305300000000004,3.4004199999999996,3.4004199999999996,8206.0,23
2018-10-25,3.4018599999999997,3.65274,3.3105900000000004,3.64085,3.64085,14101.0,25
2018-10-26,3.63498,3.8424400000000003,3.4526800000000004,3.7980099999999997,3.7980099999999997,29004.0,29
2018-10-27,3.78136,3.8551300000000004,3.6106599999999998,3.61783,3.61783,17774.0,33
2018-10-28,3.63645,3.87895,3.5825199999999997,3.81138,3.81138,17793.0,35
2018-10-29,3.7928900000000003,3.8192199999999996,3.45205,3.5668,3.5668,12602.0,34
2018-10-30,3.5672599999999997,3.6202199999999998,3.47789,3.59576,3.59576,4937.0,31
2018-10-31,3.60679,3.6408,2.95044,3.0978,3.0978,18277.0,32
2018-11-01,3.09796,3.6642900000000003,3.04308,3.6541300000000003,3.6541300000000003,8224.0,29
2018-11-02,3.65415,3.72135,3.3064,3.41523,3.41523,127717.0,36
2018-11-03,3.4130000000000003,3.5009,3.23888,3.3488,3.3488,14256.0,36
2018-11-04,3.34885,3.3971699999999996,3.08954,3.28073,3.28073,23785.0,41
2018-11-05,3.2807800000000005,3.4664099999999998,3.13616,3.19518,3.19518,20489.0,42
2018-11-06,3.20644,3.55135,3.0924099999999997,3.42352,3.42352,26998.0,42
2018-11-07,3.3900099999999997,4.16324,3.3772,3.64074,3.64074,130533.0,48
2018-11-08,3.63844,3.89451,3.52627,3.68468,3.68468,41086.0,51
2018-11-09,3.68486,3.89174,3.6288099999999996,3.7715,3.7715,38870.0,47
2018-11-10,3.7688099999999998,3.7768599999999997,3.32772,3.58984,3.58984,17150.0,52
2018-11-11,3.5895699999999997,3.79638,3.4772300000000005,3.57076,3.57076,14155.0,54
2018-11-12,3.5893300000000004,3.67254,3.4805099999999998,3.4911,3.4911,13256.0,52
2018-11-13,3.4836400000000003,3.59801,3.32645,3.4702300000000004,3.4702300000000004,20511.0,56
2018-11-14,3.44429,3.61177,2.74218,2.8803,2.8803,42227.0,49
2018-11-15,2.89112,2.95661,2.6722,2.7899,2.7899,34308.0,28
2018-11-16,2.79716,2.9216,2.7698400000000003,2.8736099999999998,2.8736099999999998,21091.0,23
2018-11-17,2.87895,2.91065,2.7648900000000003,2.77102,2.77102,9801.0,24
2018-11-18,2.77536,2.93736,2.6386,2.93522,2.93522,18922.0,26
2018-11-19,2.93627,2.99071,2.43415,2.639,2.639,31235.0,28
2018-11-20,2.60933,2.85431,2.23882,2.39562,2.39562,45648.0,21
2018-11-21,2.40216,2.59058,2.32528,2.55289,2.55289,13135.0,15
2018-11-22,2.54504,2.64898,2.4226,2.49594,2.49594,11428.0,14
2018-11-23,2.4997700000000003,2.57516,2.37355,2.56168,2.56168,6504.0,12
2018-11-24,2.5608299999999997,2.64436,2.17972,2.2970900000000003,2.2970900000000003,19455.0,15
2018-11-25,2.22594,2.45286,1.9626400000000002,2.38654,2.38654,22232.0,9
2018-11-26,2.38597,2.4982599999999997,2.0937200000000002,2.30385,2.30385,34477.0,17
2018-11-27,2.30262,2.6088299999999998,2.16145,2.56703,2.56703,22762.0,11
2018-11-28,2.53044,2.94026,2.53044,2.7509,2.7509,21115.0,14
2018-11-29,2.756974,2.926729,2.705695,2.856027,2.856027,10553.0,18
2018-11-30,2.861728,2.950565,2.533416,2.68073,2.68073,8384.0,19
2018-12-01,2.687335,2.894177,2.66443,2.805747,2.805747,6683.0,13
2018-12-02,2.8037419999999997,2.879037,2.585184,2.635726,2.635726,6669.0,15
2018-12-03,2.647439,2.7269919999999996,2.338105,2.484016,2.484016,2687.0,17
2018-12-04,2.483243,2.574823,2.377239,2.474402,2.474402,9750.0,12
2018-12-05,2.476453,2.5274810000000003,2.353637,2.3899340000000002,2.3899340000000002,6221.0,19
2018-12-06,2.388949,2.4618860000000002,2.183462,2.183462,2.183462,5563.0,13
2018-12-07,2.179966,2.29288,2.0410060000000003,2.2703889999999998,2.2703889999999998,18050.0,11
2018-12-08,2.269088,2.3335209999999997,2.061989,2.20542,2.20542,7028.0,11
2018-12-09,2.199713,2.564757,2.123918,2.516041,2.516041,21825.0,14
2018-12-10,2.540514,3.723953,2.398981,2.416096,2.416096,349124.0,19
2018-12-11,2.413532,2.462782,2.19461,2.206729,2.206729,55814.0,15
2018-12-12,2.203937,2.699552,2.1921630000000003,2.413694,2.413694,102303.0,14
2018-12-13,2.440432,2.6076189999999997,2.203904,2.324824,2.324824,52669.0,14
2018-12-14,2.3233509999999997,2.4105849999999998,2.18804,2.2894229999999998,2.2894229999999998,12903.0,10
2018-12-15,2.290994,2.290994,2.073872,2.142507,2.142507,18896.0,11
2018-12-16,2.142191,2.218355,2.077091,2.134548,2.134548,14248.0,13
2018-12-17,2.137306,2.494988,2.1090240000000002,2.386603,2.386603,17217.0,17
2018-12-18,2.38698,2.53344,2.357478,2.53344,2.53344,11130.0,23
2018-12-19,2.532289,2.6640740000000003,2.41585,2.4584919999999997,2.4584919999999997,32214.0,21
2018-12-20,2.453221,2.707103,2.4475759999999998,2.582291,2.582291,12748.0,27
2018-12-21,2.577289,2.611243,2.37774,2.40939,2.40939,13021.0,35
2018-12-22,2.411293,2.4997380000000002,2.3787130000000003,2.4780849999999996,2.4780849999999996,7267.0,28
2018-12-23,2.473902,2.5356229999999997,2.4727099999999997,2.507041,2.507041,14438.0,31
2018-12-24,2.507924,2.68166,2.414104,2.4428419999999997,2.4428419999999997,18045.0,25
2018-12-25,2.447006,2.447006,2.200367,2.2517490000000002,2.2517490000000002,12791.0,33
2018-12-26,2.251315,2.3124540000000002,2.136915,2.235307,2.235307,8903.0,26
2018-12-27,2.2340150000000003,2.2636990000000003,2.128263,2.146386,2.146386,19801.0,29
2018-12-28,2.147305,2.244766,2.061705,2.2040349999999997,2.2040349999999997,17261.0,21
2018-12-29,2.206893,2.4558,2.205889,2.308586,2.308586,21123.0,24
2018-12-30,2.303614,2.467188,2.2435669999999996,2.249718,2.249718,30833.0,23
2018-12-31,2.25223,2.25223,2.017529,2.101368,2.101368,32568.0,26
2019-01-01,2.105064,2.2065080000000004,2.085441,2.202547,2.202547,11791.0,24
2019-01-02,2.207752,2.450223,2.192939,2.41648,2.41648,9801.0,30
2019-01-03,2.4198049999999998,2.451988,2.247809,2.277457,2.277457,3238.0,33
2019-01-04,2.2793930000000002,2.318832,2.223505,2.284809,2.284809,5738.0,48
2019-01-05,2.282423,2.337223,2.2476119999999997,2.255476,2.255476,4524.0,36
2019-01-06,2.255458,2.47404,2.2360729999999998,2.418505,2.418505,3756.0,31
2019-01-07,2.419248,2.424248,2.33637,2.3366849999999997,2.3366849999999997,2373.0,39
2019-01-08,2.338002,2.460313,2.329942,2.429134,2.429134,9100.0,39
2019-01-09,2.433063,2.476599,2.255473,2.287656,2.287656,12599.0,42
2019-01-10,2.290062,2.359139,2.043747,2.07425,2.07425,11847.0,37
2019-01-11,2.074058,2.142922,1.962632,2.024893,2.024893,6412.0,19
2019-01-12,2.010606,2.0296939999999997,1.901558,1.9637080000000002,1.9637080000000002,8889.0,22
2019-01-13,1.963166,1.9768700000000001,1.865925,1.883061,1.883061,5310.0,21
2019-01-14,1.8851060000000002,1.9675880000000001,1.8725180000000001,1.935684,1.935684,7298.0,16
2019-01-15,1.9349290000000001,2.048822,1.8783419999999997,1.9843330000000001,1.9843330000000001,8435.0,27
2019-01-16,1.981267,2.089789,1.9799509999999998,2.003466,2.003466,11111.0,24
2019-01-17,2.003549,2.040382,1.9658650000000002,2.007772,2.007772,6710.0,28
2019-01-18,2.0070900000000003,2.31181,1.979265,2.281102,2.281102,19894.0,29
2019-01-19,2.321577,2.401224,2.193876,2.296992,2.296992,16363.0,31
2019-01-20,2.292073,2.48496,2.179144,2.1874740000000004,2.1874740000000004,14429.0,35
2019-01-21,2.188031,2.204599,2.035402,2.125638,2.125638,7366.0,30
2019-01-22,2.12677,2.262299,2.1218150000000002,2.179344,2.179344,14290.0,27
2019-01-23,2.179881,2.313588,1.9691779999999999,2.0354759999999996,2.0354759999999996,87002.0,33
2019-01-24,2.03505,2.057545,1.957987,2.041681,2.041681,7351.0,37
2019-01-25,2.047052,2.047052,1.904575,1.9367729999999999,1.9367729999999999,19308.0,35
2019-01-26,1.9366880000000002,1.979787,1.888168,1.9335229999999999,1.9335229999999999,16236.0,41
2019-01-27,1.9340810000000002,2.02217,1.924605,1.966755,1.966755,8060.0,39
2019-01-28,1.9690450000000002,1.997457,1.9015259999999998,1.910219,1.910219,13121.0,35
2019-01-29,1.909805,1.924266,1.748118,1.769295,1.769295,22800.0,21
2019-01-30,1.779302,1.826698,1.7339220000000002,1.799655,1.799655,10305.0,22
2019-01-31,1.799275,1.817727,1.6319629999999998,1.703648,1.703648,16863.0,17
2019-02-01,1.706339,1.707818,1.622252,1.670186,1.670186,4679.0,23
2019-02-02,1.6679849999999998,1.6863990000000002,1.61503,1.681831,1.681831,2703.0,22
2019-02-03,1.682077,1.732936,1.609359,1.6192819999999999,1.6192819999999999,3733.0,19
2019-02-04,1.621165,1.6506310000000002,1.5884770000000001,1.608938,1.608938,1416.0,27
2019-02-05,1.6038649999999999,1.7021689999999998,1.564116,1.597361,1.597361,5205.0,21
2019-02-06,1.601431,1.632154,1.550422,1.616083,1.616083,1677.0,14
2019-02-07,1.616515,1.688146,1.507787,1.56027,1.56027,10764.0,18
2019-02-08,1.560566,1.791698,1.534066,1.76492,1.76492,7168.0,37
2019-02-09,1.7649759999999999,1.782044,1.6673349999999998,1.668627,1.668627,8511.0,42
2019-02-10,1.6702700000000001,1.715011,1.628911,1.6940849999999998,1.6940849999999998,4337.0,40
2019-02-11,1.694136,1.695963,1.62028,1.640222,1.640222,4765.0,46
2019-02-12,1.6399290000000002,1.655645,1.5952110000000002,1.6549470000000002,1.6549470000000002,8890.0,38
2019-02-13,1.655038,1.6949040000000002,1.6349129999999998,1.6349129999999998,1.6349129999999998,5363.0,48
2019-02-14,1.633235,1.663729,1.564415,1.611699,1.611699,5119.0,48
2019-02-15,1.613253,1.6353,1.534563,1.602808,1.602808,8627.0,43
2019-02-16,1.600058,1.698334,1.5583639999999999,1.627229,1.627229,8221.0,43
2019-02-17,1.634558,1.696351,1.603098,1.618762,1.618762,11375.0,38
2019-02-18,1.6207639999999999,1.7651560000000002,1.618219,1.729041,1.729041,11042.0,63
2019-02-19,1.7304689999999998,1.8861689999999998,1.7062950000000001,1.7549580000000002,1.7549580000000002,12191.0,65
2019-02-20,1.753725,1.914125,1.7447529999999998,1.9089,1.9089,13708.0,59
2019-02-21,1.908233,1.908233,1.828386,1.843418,1.843418,9922.0,59
2019-02-22,1.8407330000000002,1.976637,1.840381,1.943385,1.943385,10245.0,61
2019-02-23,1.939568,2.034065,1.8765349999999998,2.030764,2.030764,5885.0,63
2019-02-24,2.031185,2.033388,1.758009,1.758273,1.758273,11789.0,69
2019-02-25,1.7585549999999999,1.8773080000000002,1.7181400000000002,1.7797509999999999,1.7797509999999999,8824.0,47
2019-02-26,1.778544,1.8046349999999998,1.7563689999999998,1.7671139999999999,1.7671139999999999,2652.0,40
2019-02-27,1.768521,1.812283,1.7369139999999998,1.775179,1.775179,2612.0,39
2019-02-28,1.776761,1.788168,1.7217310000000001,1.73245,1.73245,895.0,39
2019-03-01,1.732057,1.737673,1.600116,1.710723,1.710723,6076.0,42
2019-03-02,1.7084439999999999,1.730877,1.684551,1.719316,1.719316,2571.0,41
2019-03-03,1.718341,1.729527,1.563793,1.691446,1.691446,15241.0,44
2019-03-04,1.6886560000000002,1.733353,1.589537,1.634379,1.634379,5731.0,36
2019-03-05,1.635002,1.700459,1.5302870000000002,1.689648,1.689648,6279.0,35
2019-03-06,1.687541,1.862941,1.6592650000000002,1.809334,1.809334,5041.0,42
2019-03-07,1.810557,1.8216419999999998,1.664088,1.708093,1.708093,9998.0,56
2019-03-08,1.709834,1.849104,1.697281,1.764305,1.764305,2059.0,54
2019-03-09,1.763696,1.8129240000000002,1.6914799999999999,1.734148,1.734148,8548.0,55
2019-03-10,1.7355479999999999,1.7547259999999998,1.6962409999999999,1.716505,1.716505,4081.0,55
2019-03-11,1.71727,1.7690689999999998,1.6167719999999999,1.673084,1.673084,5777.0,56
2019-03-12,1.6749049999999999,1.786285,1.661603,1.7342919999999995,1.7342919999999995,8967.0,56
2019-03-13,1.7555290000000001,1.889302,1.6813669999999998,1.8423200000000002,1.8423200000000002,18404.0,54
2019-03-14,1.8422169999999998,1.8622779999999999,1.7602209999999998,1.8458130000000001,1.8458130000000001,3308.0,55
2019-03-15,1.844587,1.953196,1.8340470000000002,1.9526540000000001,1.9526540000000001,6674.0,55
2019-03-16,1.9524259999999998,2.058733,1.887843,1.899262,1.899262,4464.0,54
2019-03-17,1.8987580000000002,1.922434,1.8365509999999998,1.8878419999999998,1.8878419999999998,1885.0,58
2019-03-18,1.88965,1.9211,1.8440990000000002,1.868886,1.868886,2446.0,56
2019-03-19,1.870127,1.953904,1.856516,1.9022290000000002,1.9022290000000002,1707.0,56
2019-03-20,1.9031349999999998,1.918177,1.8211990000000002,1.91625,1.91625,11235.0,55
2019-03-21,1.9157220000000001,1.931125,1.8595409999999999,1.887673,1.887673,3877.0,62
2019-03-22,1.8863169999999998,1.9101560000000002,1.8379560000000001,1.8996330000000001,1.8996330000000001,6100.0,56
2019-03-23,1.898594,1.903792,1.854193,1.8702590000000001,1.8702590000000001,4569.0,50
2019-03-24,1.869447,2.098753,1.835002,2.049689,2.049689,17489.0,44
2019-03-25,2.050533,2.135668,1.957841,1.9772189999999998,1.9772189999999998,9975.0,46
2019-03-26,1.9773009999999998,1.9881950000000002,1.9267040000000002,1.9543990000000002,1.9543990000000002,1817.0,43
2019-03-27,1.955314,2.0165610000000003,1.948655,2.013366,2.013366,6343.0,44
2019-03-28,2.013366,2.1019229999999998,1.95495,2.072542,2.072542,11050.0,49
2019-03-29,2.072517,2.115686,2.054241,2.105096,2.105096,9034.0,50
2019-03-30,2.105096,2.2981580000000004,2.072936,2.2197459999999998,2.2197459999999998,29162.0,57
2019-03-31,2.2197459999999998,2.241641,2.1473869999999997,2.193564,2.193564,7933.0,56
2019-04-01,2.193325,2.21025,2.078894,2.182936,2.182936,18030.0,62
2019-04-02,2.182578,2.472789,2.168708,2.397862,2.397862,25166.0,60
2019-04-03,2.3989540000000003,2.796461,2.3663790000000002,2.5826290000000003,2.5826290000000003,16654.0,71
2019-04-04,2.5826759999999997,2.686556,2.5150900000000003,2.625102,2.625102,12998.0,61
2019-04-05,2.62513,2.637211,2.5617099999999997,2.596458,2.596458,10108.0,59
2019-04-06,2.5968419999999997,2.87451,2.52762,2.7015279999999997,2.7015279999999997,33477.0,65
2019-04-07,2.698984,2.838546,2.695296,2.79143,2.79143,10814.0,69
2019-04-08,2.792103,2.8303409999999998,2.68542,2.701941,2.701941,8978.0,65
2019-04-09,2.7006900000000003,2.783415,2.49867,2.616391,2.616391,26091.0,64
2019-04-10,2.615863,2.7659569999999998,2.572485,2.6988119999999998,2.6988119999999998,12011.0,62
2019-04-11,2.699993,2.7340240000000002,2.008191,2.035021,2.035021,104683.0,65
2019-04-12,2.035021,2.047189,1.8616720000000002,1.9186619999999999,1.9186619999999999,40002.0,42
2019-04-13,1.917973,2.002828,1.9016830000000002,1.956711,1.956711,4919.0,62
2019-04-14,1.956711,2.0205509999999998,1.919354,2.019171,2.019171,6174.0,51
2019-04-15,2.019171,2.1620150000000002,1.9867540000000001,1.992487,1.992487,8063.0,60
2019-04-16,1.99193,2.19675,1.970041,2.0881939999999997,2.0881939999999997,30082.0,50
2019-04-17,2.087271,2.1836439999999997,2.0855479999999997,2.0961950000000003,2.0961950000000003,6234.0,61
2019-04-18,2.0961950000000003,2.193861,2.085652,2.193861,2.193861,10478.0,64
2019-04-19,2.205348,2.325917,2.177591,2.308885,2.308885,4563.0,61
2019-04-20,2.309318,2.490958,2.295645,2.315383,2.315383,2402.0,62
2019-04-21,2.315383,2.526872,2.157926,2.161012,2.161012,61894.0,62
2019-04-22,2.1584220000000003,2.323944,2.12322,2.167353,2.167353,29363.0,61
2019-04-23,2.167353,2.372033,2.159436,2.3448830000000003,2.3448830000000003,22171.0,68
2019-04-24,2.344558,2.3747689999999997,1.997067,2.053097,2.053097,23545.0,65
2019-04-25,2.053236,2.092717,1.891591,1.9126299999999998,1.9126299999999998,6683.0,58
2019-04-26,1.918671,1.985323,1.794127,1.933798,1.933798,13988.0,41
2019-04-27,1.9338090000000001,2.022298,1.854342,1.888216,1.888216,5601.0,42
2019-04-28,1.8885349999999999,1.9231900000000002,1.7441830000000005,1.8423459999999998,1.8423459999999998,4124.0,40
2019-04-29,1.843357,2.163727,1.839214,2.124837,2.124837,30760.0,42
2019-04-30,2.125061,2.26773,1.923301,2.186673,2.186673,20021.0,42
2019-05-01,2.1859669999999998,2.233238,2.17627,2.227759,2.227759,3470.0,51
2019-05-02,2.228628,2.4129490000000002,2.0653259999999998,2.150256,2.150256,9651.0,50
2019-05-03,2.150256,2.349757,2.144372,2.3480369999999997,2.3480369999999997,9685.0,63
2019-05-04,2.3480369999999997,2.398255,2.28904,2.357341,2.357341,7233.0,66
2019-05-05,2.357018,2.357223,2.1221740000000002,2.2298299999999998,2.2298299999999998,5023.0,67
2019-05-06,2.2287470000000003,2.260091,2.1657990000000003,2.203763,2.203763,4350.0,57
2019-05-07,2.203979,2.256646,2.1032189999999997,2.136472,2.136472,6502.0,69
2019-05-08,2.135402,2.454725,2.082821,2.403019,2.403019,20390.0,63
2019-05-09,2.402149,2.4180040000000003,1.9475930000000001,2.0102599999999997,2.0102599999999997,20830.0,69
2019-05-10,2.010243,2.231773,1.382968,1.4827700000000001,1.4827700000000001,66496.0,71
2019-05-11,1.4827700000000001,1.552886,1.112251,1.477609,1.477609,173703.0,76
2019-05-12,1.477609,1.619074,1.319767,1.3507200000000001,1.3507200000000001,45884.0,75
2019-05-13,1.343278,1.581167,1.1037549999999998,1.308929,1.308929,77052.0,78
2019-05-14,1.309364,1.471762,1.160685,1.426284,1.426284,31584.0,78
2019-05-15,1.425927,1.4399600000000001,1.1857010000000001,1.213276,1.213276,44461.0,77
2019-05-16,1.212323,1.415006,1.191543,1.3529790000000002,1.3529790000000002,47314.0,75
2019-05-17,1.352676,1.408112,0.7158180000000001,0.806519,0.806519,129393.0,65
2019-05-18,0.806519,0.806519,0.565693,0.5955550000000001,0.5955550000000001,111395.0,67
2019-05-19,0.611662,0.842392,0.550397,0.7257600000000001,0.7257600000000001,62048.0,70
2019-05-20,0.726548,0.8961959999999999,0.649049,0.8890870000000001,0.8890870000000001,32177.0,73
2019-05-21,0.8666010000000001,0.915926,0.647496,0.6734319999999999,0.6734319999999999,10842.0,68
2019-05-22,0.673458,0.9014770000000001,0.664738,0.724919,0.724919,22516.0,69
2019-05-23,0.724565,0.807999,0.45784600000000003,0.5027510000000001,0.5027510000000001,41538.0,65
2019-05-24,0.503791,0.6677310000000001,0.43728100000000003,0.663841,0.663841,12865.0,64
2019-05-25,0.663841,1.195975,0.630749,0.8978940000000001,0.8978940000000001,17510.0,69
2019-05-26,0.8978940000000001,0.9769770000000001,0.625649,0.720522,0.720522,73149.0,67
2019-05-27,0.720711,0.904194,0.56194,0.865374,0.865374,40633.0,70
2019-05-28,0.8650909999999999,0.8927139999999999,0.668573,0.691747,0.691747,28887.0,71
2019-05-29,0.691782,0.77788,0.46314399999999994,0.53922,0.53922,37615.0,71
2019-05-30,0.539273,0.819341,0.462971,0.790262,0.790262,22293.0,73
2019-05-31,0.790262,0.8371280000000001,0.641478,0.643554,0.643554,29034.0,61
2019-06-01,0.643501,2.1902169999999996,0.6427,2.129856,2.129856,9258.0,62
2019-06-02,2.129857,2.3067330000000004,2.104431,2.2493819999999998,2.2493819999999998,4851.0,63
2019-06-03,2.2495439999999998,2.412,2.117655,2.296903,2.296903,4182.0,66
2019-06-04,2.2969009999999996,2.490627,2.242687,2.270988,2.270988,11087.0,42
2019-06-05,2.270781,2.463984,2.071223,2.461968,2.461968,7252.0,27
2019-06-06,2.461994,4.0166319999999995,2.309911,2.719375,2.719375,54752.0,34
2019-06-07,2.719705,2.805456,1.7731720000000002,2.406168,2.406168,8204.0,27
2019-06-08,2.406171,2.543589,1.1619389999999998,1.2247569999999999,1.2247569999999999,3900.0,62
2019-06-09,1.2247569999999999,2.491494,1.190301,2.434298,2.434298,5713.0,62
2019-06-10,2.434298,2.5410779999999997,2.25211,2.323155,2.323155,7801.0,46
2019-06-11,2.322826,2.3805549999999998,1.461753,1.718314,1.718314,6019.0,61
2019-06-12,1.718314,2.728514,1.7172290000000001,2.563878,2.563878,6036.0,60
2019-06-13,2.564203,2.770204,1.431255,2.166803,2.166803,13845.0,63
2019-06-14,2.166442,3.566414,2.078618,3.3620370000000004,3.3620370000000004,10348.0,67
2019-06-15,3.362049,3.362975,1.922186,1.93193,1.93193,8678.0,75
2019-06-16,1.93193,2.8707689999999997,1.8270259999999998,2.644546,2.644546,19230.0,80
2019-06-17,2.644705,2.9260610000000002,1.986865,2.7642599999999997,2.7642599999999997,5431.0,84
2019-06-18,2.763795,2.883179,2.055549,2.834893,2.834893,8580.0,83
2019-06-19,2.834965,3.0220380000000002,1.93412,2.1095639999999998,2.1095639999999998,3505.0,82
2019-06-20,2.109473,3.0085580000000003,1.7517009999999995,2.591736,2.591736,1171.0,81
2019-06-21,2.591564,3.614229,2.549213,3.341155,3.341155,8266.0,84
2019-06-22,3.341155,3.57229,3.2003470000000003,3.385994,3.385994,3742.0,83
2019-06-23,3.385993,3.586322,3.174314,3.2033240000000003,3.2033240000000003,4797.0,84
2019-06-24,3.203281,3.577197,1.898509,2.001562,2.001562,3375.0,80
2019-06-25,2.001474,3.449465,1.861484,3.182212,3.182212,6078.0,87
2019-06-26,3.181742,3.7162629999999996,3.172101,3.562701,3.562701,11809.0,95
2019-06-27,3.562524,3.56405,3.148247,3.194156,3.194156,4637.0,92
2019-06-28,3.194156,3.373643,3.043339,3.373643,3.373643,2347.0,62
2019-06-29,3.373643,3.373643,3.159182,3.228569,3.228569,928.0,74
2019-06-30,3.228579,3.3193080000000004,3.112866,3.229579,3.229579,3772.0,78
2019-07-01,3.229314,3.237603,3.051557,3.0545619999999998,3.0545619999999998,2209.0,65
2019-07-02,3.0545619999999998,3.163284,2.905441,3.0814220000000003,3.0814220000000003,2200.0,63
2019-07-03,3.081245,3.3400819999999998,2.991173,3.086938,3.086938,2823.0,79
2019-07-04,3.086908,3.088822,2.5846560000000003,2.612931,2.612931,7045.0,76
2019-07-05,2.614947,2.61921,1.7600209999999998,1.7600209999999998,1.7600209999999998,6010.0,67
2019-07-06,1.75984,2.7721810000000002,1.629052,2.77146,2.77146,237.0,72
2019-07-07,2.77146,2.771894,0.580819,2.3450580000000003,2.3450580000000003,857.0,67
2019-07-08,2.344903,3.1181259999999997,2.343467,3.099596,3.099596,1428.0,74
2019-07-09,3.099634,3.171641,2.949068,3.1218619999999997,3.1218619999999997,2748.0,84
2019-07-10,3.121379,3.1372139999999997,2.945838,2.964011,2.964011,2110.0,83
2019-07-11,2.963988,2.973273,2.891691,2.891691,2.891691,761.0,62
2019-07-12,2.8915040000000003,2.953891,2.770699,2.798498,2.798498,878.0,33
2019-07-13,2.798498,2.798499,2.594635,2.594635,2.594635,2759.0,65
2019-07-14,2.594635,2.6872990000000003,2.474192,2.476384,2.476384,2961.0,61
2019-07-15,2.476109,2.605543,2.405666,2.604308,2.604308,1593.0,16
2019-07-16,2.604432,2.660271,1.949009,1.949966,1.949966,20763.0,34
2019-07-17,1.9498509999999998,2.14068,1.921138,2.1398040000000003,2.1398040000000003,2890.0,19
2019-07-18,2.139998,2.198083,1.992561,2.197291,2.197291,900.0,40
2019-07-19,2.197291,2.233805,2.06332,2.181678,2.181678,296.0,42
2019-07-20,2.181678,2.228516,2.070663,2.070663,2.070663,3852.0,34
2019-07-21,2.070663,2.247087,2.070663,2.244711,2.244711,54.0,42
2019-07-22,2.244534,2.246388,2.129778,2.17798,2.17798,1978.0,42
2019-07-23,2.1779439999999997,2.2212970000000003,2.037803,2.217339,2.217339,1162.0,40
2019-07-24,2.217336,2.2195419999999997,2.155106,2.155971,2.155971,5.0,20
2019-07-25,2.156101,2.16567,2.0532779999999997,2.153387,2.153387,53.0,42
2019-07-26,2.153407,2.191377,2.052756,2.190016,2.190016,418.0,24
2019-07-27,2.190016,2.2084189999999997,2.070395,2.116402,2.116402,1128.0,47
2019-07-28,2.116402,2.158464,2.024636,2.025382,2.025382,1396.0,16
2019-07-29,2.0251669999999997,2.028973,1.978327,1.99322,1.99322,349.0,19
2019-07-30,1.993166,2.074498,1.991955,2.072493,2.072493,68.0,22
2019-07-31,2.072563,2.165511,2.00015,2.067309,2.067309,98.0,31
2019-08-01,2.06735,2.230978,2.061102,2.229202,2.229202,736.0,57
2019-08-02,2.229561,2.2486639999999998,2.191691,2.247024,2.247024,107.0,61
2019-08-03,2.247024,2.2517150000000004,2.090879,2.090879,2.090879,313.0,61
2019-08-04,2.090879,2.090879,2.0538369999999997,2.055526,2.055526,27.0,62
2019-08-05,2.0556490000000003,2.084828,2.055311,2.083393,2.083393,34.0,64
2019-08-06,2.083412,2.2191560000000004,2.065129,2.078473,2.078473,1176.0,66
2019-08-07,2.078275,2.0944830000000003,2.077657,2.0821520000000002,2.0821520000000002,138.0,45
2019-08-08,2.082074,2.083588,2.06962,2.078166,2.078166,123.0,61
2019-08-09,2.0778529999999997,2.138864,2.059927,2.138627,2.138627,984.0,60
2019-08-10,2.138627,2.17646,2.062923,2.176459,2.176459,994.0,59
2019-08-11,2.176459,2.178599,2.1098939999999997,2.116432,2.116432,488.0,45
2019-08-12,2.113148,2.139237,2.0842669999999996,2.135576,2.135576,96.0,48
2019-08-13,2.1355150000000003,2.187727,1.985838,2.148152,2.148152,1154.0,45
2019-08-14,2.148187,2.166656,1.9914020000000001,2.001239,2.001239,171.0,11
2019-08-15,2.001546,2.161438,1.994182,1.9982,1.9982,172.0,13
2019-08-16,1.9983650000000002,2.149409,1.996749,1.9976490000000002,1.9976490000000002,60.0,31
2019-08-17,1.9976490000000002,2.124551,1.9835479999999999,1.9835479999999999,1.9835479999999999,595.0,20
2019-08-18,1.9835479999999999,1.9858790000000002,1.9816169999999997,1.9825840000000001,1.9825840000000001,347.0,14
2019-08-19,1.9823979999999999,2.132246,1.9823979999999999,2.129768,2.129768,1125.0,30
2019-08-20,2.130057,2.135365,2.0670290000000002,2.0702,2.0702,31.0,39
2019-08-21,2.069836,2.070062,2.062916,2.063732,2.063732,26.0,11
2019-08-22,2.063732,2.0675779999999997,1.325189,1.8784189999999998,1.8784189999999998,5634.0,5
2019-08-23,1.8784189999999998,1.8992330000000002,1.7437060000000002,1.89745,1.89745,292.0,33
2019-08-24,1.89745,2.0112970000000003,1.755141,1.8310389999999999,1.8310389999999999,492.0,39
2019-08-25,1.8310389999999999,1.961469,1.8310389999999999,1.954809,1.954809,627.0,33
2019-08-26,1.95487,2.01507,1.888783,1.8915099999999998,1.8915099999999998,439.0,41
2019-08-27,1.891741,2.015812,1.891615,2.0142189999999998,2.0142189999999998,222.0,30
2019-08-28,2.014128,2.015933,1.893635,1.932522,1.932522,382.0,32
2019-08-29,1.932511,1.9368490000000005,1.809177,1.813184,1.813184,475.0,20
2019-08-30,1.813184,1.8187119999999999,1.8115869999999998,1.8156970000000001,1.8156970000000001,113.0,24
2019-08-31,1.8156970000000001,2.013257,1.8156970000000001,1.994443,1.994443,60.0,20
2019-09-01,1.994443,2.013258,1.825103,1.8372580000000005,1.8372580000000005,636.0,24
2019-09-02,1.8372490000000001,2.0269369999999998,1.835475,2.024494,2.024494,554.0,28
2019-09-03,2.024486,2.0636,1.881418,2.0124459999999997,2.0124459999999997,801.0,41
2019-09-04,2.012282,2.072912,2.003245,2.0690779999999998,2.0690779999999998,8.0,43
2019-09-05,2.069068,2.069068,1.86565,2.054614,2.054614,217.0,41
2019-09-06,2.054614,2.061455,1.83139,1.917411,1.917411,437.0,43
2019-09-07,1.917411,2.052648,1.917052,1.917054,1.917054,2.0,39
2019-09-08,1.917054,1.919386,1.916464,1.9168049999999999,1.9168049999999999,31.0,43
2019-09-09,1.916775,1.919057,1.9108470000000002,1.9110169999999997,1.9110169999999997,4.0,41
2019-09-10,1.9099549999999998,1.912206,1.904766,1.9050650000000002,1.9050650000000002,2.0,41
2019-09-11,1.9050630000000002,1.9058849999999998,1.8514279999999999,1.8518029999999999,1.8518029999999999,170.0,38
2019-09-12,1.851718,1.964129,1.787366,1.9596200000000001,1.9596200000000001,503.0,39
2019-09-13,1.959728,1.970918,1.7860369999999999,1.9706580000000002,1.9706580000000002,82.0,38
2019-09-14,1.9706580000000002,1.9706709999999998,1.8503990000000001,1.970651,1.970651,443.0,39
2019-09-15,1.970651,1.972552,1.831893,1.9671889999999999,1.9671889999999999,474.0,38
2019-09-16,1.9671889999999999,1.971524,1.959609,1.95996,1.95996,274.0,38
2019-09-17,1.959984,1.962218,1.829911,1.831752,1.831752,120.0,41
2019-09-18,1.831752,1.942502,1.828832,1.9368299999999998,1.9368299999999998,19.0,38
2019-09-19,1.936539,1.9481939999999998,1.7857009999999998,1.7864779999999998,1.7864779999999998,738.0,31
2019-09-20,1.78635,1.7949,1.786172,1.794514,1.794514,141.0,41
2019-09-21,1.794514,1.794514,1.794514,1.794514,1.794514,68.0,37
2019-09-22,1.794514,1.794514,1.794514,1.794514,1.794514,0.0,37
2019-09-23,1.794514,1.7978580000000002,1.7928259999999998,1.7933150000000002,1.7933150000000002,15.0,41
2019-09-24,1.7933150000000002,1.962189,1.7923,1.801541,1.801541,277.0,39
2019-09-25,1.801977,1.920107,1.729783,1.8107419999999999,1.8107419999999999,3934.0,15
2019-09-26,1.8104099999999999,1.8110110000000001,1.493854,1.623881,1.623881,801.0,12
2019-09-27,1.6239190000000001,1.6893919999999998,1.5282799999999999,1.5839219999999998,1.5839219999999998,53.0,24
2019-09-28,1.5839219999999998,1.704337,1.583847,1.583847,1.583847,87.0,32
2019-09-29,1.583847,1.583847,1.573957,1.574764,1.574764,18.0,33
2019-09-30,1.574858,1.7888979999999999,1.5741020000000001,1.785907,1.785907,278.0,27
2019-10-01,1.785834,1.786301,1.7148860000000001,1.7357060000000002,1.7357060000000002,74.0,38
2019-10-02,1.7355310000000002,1.737293,1.724386,1.735469,1.735469,94.0,39
2019-10-03,1.735566,1.783956,1.733675,1.7782919999999998,1.7782919999999998,108.0,37
2019-10-04,1.778359,1.8189259999999998,1.727006,1.7297770000000001,1.7297770000000001,35.0,30
2019-10-05,1.7297770000000001,1.729861,1.6875360000000001,1.6875360000000001,1.6875360000000001,45.0,31
2019-10-06,1.6875360000000001,1.6936400000000005,1.687489,1.6904759999999999,1.6904759999999999,27.0,32
2019-10-07,1.6907450000000002,1.691632,1.6799950000000001,1.683395,1.683395,0.0,27
2019-10-08,1.683395,1.722347,1.683395,1.719986,1.719986,177.0,39
2019-10-09,1.719986,1.737571,1.7131189999999998,1.735593,1.735593,879.0,37
2019-10-10,1.7354060000000002,1.7355150000000001,1.7038849999999999,1.7055069999999999,1.7055069999999999,129.0,41
2019-10-11,1.7055069999999999,1.722832,1.702366,1.716057,1.716057,0.0,39
2019-10-12,1.716057,1.716057,1.716057,1.716057,1.716057,0.0,38
2019-10-13,1.716057,1.716057,1.6956330000000002,1.696448,1.696448,19.0,38
2019-10-14,1.696448,1.7075060000000002,1.6961959999999998,1.70681,1.70681,46.0,37
2019-10-15,1.7066810000000001,1.7104529999999998,1.6529099999999999,1.6542119999999998,1.6542119999999998,161.0,39
2019-10-16,1.654245,1.677705,1.414999,1.417043,1.417043,1084.0,40
2019-10-17,1.417037,1.600632,1.4150719999999999,1.565499,1.565499,395.0,40
2019-10-18,1.565499,1.567728,1.480797,1.485732,1.485732,73.0,40
2019-10-19,1.485732,1.568768,1.422057,1.430351,1.430351,670.0,41
2019-10-20,1.430351,1.569402,1.430351,1.568092,1.568092,440.0,37
2019-10-21,1.5680290000000001,1.568606,1.472705,1.556091,1.556091,139.0,37
2019-10-22,1.5560690000000001,1.558281,1.539072,1.539454,1.539454,85.0,39
2019-10-23,1.539426,1.6033110000000002,1.53807,1.601648,1.601648,107.0,33
2019-10-24,1.601648,1.602531,1.472709,1.565249,1.565249,195.0,20
2019-10-25,1.5652409999999999,1.565442,1.470955,1.5644360000000002,1.5644360000000002,70.0,24
2019-10-26,1.5644360000000002,1.564441,1.5644360000000002,1.5644360000000002,1.5644360000000002,196.0,53
2019-10-27,1.5644360000000002,1.56451,1.471953,1.472446,1.472446,177.0,50
2019-10-28,1.472346,1.7101380000000002,1.471855,1.706907,1.706907,406.0,52
2019-10-29,1.7068990000000002,1.708875,1.633882,1.634857,1.634857,3.0,54
2019-10-30,1.6348690000000001,1.692016,1.633507,1.691307,1.691307,3.0,53
2019-10-31,1.691328,1.6952209999999999,1.6833,1.694416,1.694416,71.0,50
2019-11-01,1.694416,1.723238,1.6935490000000002,1.7189580000000002,1.7189580000000002,57.0,49
2019-11-02,1.7189580000000002,1.7377639999999999,1.691234,1.737443,1.737443,158.0,51
2019-11-03,1.737443,1.7377639999999999,1.7019919999999995,1.702464,1.702464,5.0,56
2019-11-04,1.702378,1.7405009999999999,1.702189,1.738734,1.738734,45.0,49
2019-11-05,1.738734,1.774689,1.721814,1.7337189999999998,1.7337189999999998,132.0,54
2019-11-06,1.733684,1.773308,1.6596509999999998,1.7719349999999998,1.7719349999999998,526.0,53
2019-11-07,1.7720099999999999,1.7758720000000001,1.5801399999999999,1.583226,1.583226,756.0,54
2019-11-08,1.583113,1.760086,1.581434,1.7573830000000001,1.7573830000000001,365.0,42
2019-11-09,1.7573830000000001,1.7573830000000001,1.583487,1.583487,1.583487,32.0,38
2019-11-10,1.583487,1.612593,1.583487,1.611338,1.611338,46.0,39
2019-11-11,1.611372,1.74415,1.58641,1.58653,1.58653,222.0,40
2019-11-12,1.586503,1.587019,1.565334,1.568897,1.568897,151.0,39
2019-11-13,1.568865,1.61048,1.466836,1.608452,1.608452,408.0,38
2019-11-14,1.608452,1.616403,1.607595,1.613183,1.613183,16.0,41
2019-11-15,1.612957,1.613558,1.610084,1.6103180000000001,1.6103180000000001,0.0,38
2019-11-16,1.6103180000000001,1.6103180000000001,1.6103180000000001,1.6103180000000001,1.6103180000000001,0.0,41
2019-11-17,1.6103180000000001,1.6103180000000001,1.6103180000000001,1.6103180000000001,1.6103180000000001,0.0,38
2019-11-18,1.6103180000000001,1.6103180000000001,1.49461,1.4999129999999998,1.4999129999999998,61.0,38
2019-11-19,1.4999129999999998,1.65284,1.497666,1.652382,1.652382,17.0,32
2019-11-20,1.652382,1.653527,1.563398,1.567297,1.567297,52.0,32
2019-11-21,1.567148,1.654839,1.527366,1.528625,1.528625,87.0,30
2019-11-22,1.528625,1.565861,1.47348,1.564858,1.564858,216.0,20
2019-11-23,1.564858,1.564858,1.472808,1.564858,1.564858,11.0,23
2019-11-24,1.564858,1.564858,1.563183,1.563408,1.563408,12.0,21
2019-11-25,1.563461,1.5638610000000002,1.43634,1.515675,1.515675,142.0,17
2019-11-26,1.515675,1.561321,1.5135299999999998,1.5582129999999998,1.5582129999999998,10.0,21
2019-11-27,1.5582129999999998,1.558448,1.473168,1.554345,1.554345,143.0,20
2019-11-28,1.554345,1.554693,1.4699280000000001,1.470109,1.470109,69.0,32
2019-11-29,1.4701309999999999,1.5539020000000001,1.468132,1.552718,1.552718,9.0,31
2019-11-30,1.552718,1.552718,1.460987,1.461427,1.461427,147.0,38
2019-12-01,1.461427,1.461427,1.4603540000000002,1.4607370000000002,1.4607370000000002,0.0,25
2019-12-02,1.4606860000000002,1.4779799999999998,1.45888,1.476746,1.476746,1.0,28
2019-12-03,1.476705,1.493184,1.474217,1.491036,1.491036,4.0,28
2019-12-04,1.490916,1.493316,1.459271,1.46099,1.46099,61.0,24
2019-12-05,1.46092,1.47248,1.4598209999999998,1.471403,1.471403,2.0,21
2019-12-06,1.471424,1.474125,1.469425,1.473554,1.473554,2.0,29
2019-12-07,1.473554,1.473554,1.473554,1.473554,1.473554,75.0,32
2019-12-08,1.473554,1.473554,1.472524,1.472876,1.472876,19.0,28
2019-12-09,1.47291,1.5592840000000001,1.4727540000000001,1.557224,1.557224,4.0,32
2019-12-10,1.5572110000000001,1.558989,1.47264,1.555434,1.555434,266.0,26
2019-12-11,1.5555299999999999,1.556674,1.452373,1.455444,1.455444,39.0,20
2019-12-12,1.455516,1.456918,1.4422540000000001,1.444153,1.444153,1.0,23
2019-12-13,1.444123,1.5492350000000001,1.4141629999999998,1.547513,1.547513,339.0,22
2019-12-14,1.547513,1.547513,1.4177389999999999,1.4177389999999999,1.4177389999999999,16.0,27
2019-12-15,1.4177389999999999,1.6746740000000002,1.4177389999999999,1.672939,1.672939,564.0,21
2019-12-16,1.672707,1.673441,1.483797,1.484928,1.484928,333.0,24
2019-12-17,1.484928,1.58031,1.484321,1.552249,1.552249,59.0,23
2019-12-18,1.552249,1.579656,1.4882440000000001,1.506024,1.506024,152.0,15
2019-12-19,1.506024,1.506149,1.4873299999999998,1.49017,1.49017,144.0,21
2019-12-20,1.49017,1.5833540000000002,1.4253,1.452962,1.452962,334.0,23
2019-12-21,1.452962,1.580868,1.443819,1.580868,1.580868,118.0,23
2019-12-22,1.580868,1.580868,1.443819,1.4519819999999999,1.4519819999999999,87.0,20
2019-12-23,1.4519819999999999,1.454133,1.4519819999999999,1.453582,1.453582,10.0,33
2019-12-24,1.453582,1.555009,1.45347,1.554001,1.554001,60.0,25
2019-12-25,1.553994,1.5549899999999999,1.493815,1.5085950000000001,1.5085950000000001,19.0,22
2019-12-26,1.508558,1.552095,1.505935,1.552068,1.552068,298.0,39
2019-12-27,1.552068,1.554135,1.497654,1.498422,1.498422,11.0,38
2019-12-28,1.498422,1.498422,1.498415,1.498415,1.498415,521.0,37
2019-12-29,1.498415,1.498737,1.497922,1.4986540000000002,1.4986540000000002,168.0,37
2019-12-30,1.4986540000000002,1.503566,1.436675,1.437483,1.437483,346.0,40
2019-12-31,1.437424,1.44141,1.435598,1.4363709999999998,1.4363709999999998,795.0,38
2020-01-01,1.4363709999999998,1.47337,1.428268,1.471892,1.471892,0.0,37
2020-01-02,1.471865,1.478523,1.4697360000000002,1.473729,1.473729,0.0,39
2020-01-03,1.474004,1.5649309999999998,1.473811,1.564468,1.564468,469.0,38
2020-01-04,1.564468,1.590165,1.564468,1.590165,1.590165,175.0,38
2020-01-05,1.590165,1.590165,1.4801799999999998,1.482381,1.482381,1663.0,39
2020-01-06,1.48177,1.587388,1.4792,1.5864530000000001,1.5864530000000001,225.0,41
2020-01-07,1.5865479999999998,1.5885040000000001,1.472901,1.480703,1.480703,92.0,40
2020-01-08,1.480949,1.684496,1.4807709999999998,1.5771110000000002,1.5771110000000002,1361.0,51
2020-01-09,1.577453,1.577453,0.585966,1.424566,1.424566,8465.0,44
2020-01-10,1.42456,1.507682,1.276422,1.461554,1.461554,1314.0,41
2020-01-11,1.461554,1.461554,1.269563,1.367292,1.367292,311.0,50
2020-01-12,1.367292,1.367292,1.213583,1.213858,1.213858,482.0,45
2020-01-13,1.213869,1.365859,1.118775,1.1729040000000002,1.1729040000000002,733.0,49
2020-01-14,1.172891,1.310358,1.1707049999999999,1.301816,1.301816,251.0,56
2020-01-15,1.3016860000000001,1.3017370000000001,1.209722,1.274119,1.274119,1599.0,54
2020-01-16,1.2740360000000002,1.274127,1.206632,1.206975,1.206975,311.0,55
2020-01-17,1.20705,1.361977,1.088759,1.361976,1.361976,1142.0,54
2020-01-18,1.361976,1.452776,1.1622290000000002,1.452775,1.452775,1069.0,51
2020-01-19,1.452775,1.452775,1.216068,1.216068,1.216068,667.0,53
2020-01-20,1.216076,1.3800059999999998,1.1933,1.3795549999999999,1.3795549999999999,199.0,48
2020-01-21,1.379521,1.38481,1.3791149999999999,1.382909,1.382909,15.0,49
2020-01-22,1.382863,1.3837139999999999,1.218183,1.3832959999999999,1.3832959999999999,392.0,52
2020-01-23,1.3831579999999999,1.3861379999999999,1.2323110000000002,1.385075,1.385075,143.0,49
2020-01-24,1.385126,1.389942,1.383966,1.388657,1.388657,12.0,40
2020-01-25,1.388657,1.388657,1.3836600000000001,1.3836600000000001,1.3836600000000001,7.0,41
2020-01-26,1.3836600000000001,1.387095,1.262869,1.386422,1.386422,73.0,42
2020-01-27,1.3864889999999999,1.3864889999999999,1.282938,1.384255,1.384255,187.0,50
2020-01-28,1.3844299999999998,1.386955,1.381966,1.383326,1.383326,219.0,54
2020-01-29,1.383443,1.466998,1.292342,1.312318,1.312318,5206.0,57
2020-01-30,1.3120530000000001,1.423434,1.304063,1.3133219999999999,1.3133219999999999,5343.0,57
2020-01-31,1.313336,1.325542,1.310393,1.324794,1.324794,200.0,55
2020-02-01,1.324794,1.383828,1.324794,1.383828,1.383828,133.0,57
2020-02-02,1.383828,1.5600969999999998,1.383828,1.559299,1.559299,2326.0,57
2020-02-03,1.559299,1.6778060000000001,1.474069,1.520076,1.520076,4970.0,59
2020-02-04,1.520076,1.52072,1.404938,1.461848,1.461848,1682.0,56
2020-02-05,1.461908,1.5877940000000001,1.41314,1.579923,1.579923,1259.0,53
2020-02-06,1.579872,1.76447,1.5014129999999999,1.560357,1.560357,2708.0,61
2020-02-07,1.5603850000000001,2.0239830000000003,1.560243,1.6492040000000001,1.6492040000000001,4203.0,56
2020-02-08,1.6492040000000001,1.9316630000000001,1.6492040000000001,1.931662,1.931662,2911.0,56
2020-02-09,1.931662,1.9681099999999998,1.7857759999999998,1.7877759999999998,1.7877759999999998,1274.0,56
2020-02-10,1.910843,1.912952,1.730506,1.821964,1.821964,948.0,57
2020-02-11,1.821964,1.822418,1.819116,1.820689,1.820689,0.0,52
2020-02-12,1.820689,1.9770869999999998,1.7253900000000002,1.9300950000000001,1.9300950000000001,3878.0,61
2020-02-13,1.929514,1.9583650000000001,1.6822240000000002,1.822169,1.822169,4870.0,65
2020-02-14,1.8221740000000002,2.159355,1.7390729999999999,2.012906,2.012906,7386.0,63
2020-02-15,2.012906,2.1586369999999997,1.913729,2.076661,2.076661,7221.0,64
2020-02-16,2.076661,2.076661,1.820284,1.9993990000000001,1.9993990000000001,2599.0,59
2020-02-17,1.99918,2.000526,1.829005,1.952568,1.952568,1254.0,49
2020-02-18,1.952568,1.9857770000000001,1.8330540000000002,1.9831299999999998,1.9831299999999998,602.0,53
2020-02-19,1.9832009999999998,1.984103,1.792457,1.7983189999999998,1.7983189999999998,4187.0,50
2020-02-20,1.7983189999999998,1.7998,1.782734,1.7858180000000001,1.7858180000000001,16.0,44
2020-02-21,1.7861529999999999,1.8813900000000001,1.618658,1.810273,1.810273,3301.0,44
2020-02-22,1.810273,1.878985,1.792355,1.878985,1.878985,58.0,43
2020-02-23,1.878985,1.885101,1.878775,1.879693,1.879693,4.0,46
2020-02-24,1.8794819999999999,1.902116,1.716519,1.7241360000000001,1.7241360000000001,1378.0,46
2020-02-25,1.7241360000000001,1.725126,1.632024,1.632211,1.632211,877.0,44
2020-02-26,1.632083,1.643456,1.580913,1.6401029999999999,1.6401029999999999,520.0,41
2020-02-27,1.640184,1.691914,1.577647,1.686898,1.686898,323.0,39
2020-02-28,1.6868779999999999,1.76719,1.622974,1.757854,1.757854,829.0,40
2020-02-29,1.757854,1.757854,1.757854,1.757854,1.757854,18.0,38
2020-03-01,1.757854,1.757854,1.64713,1.656893,1.656893,166.0,39
2020-03-02,1.656893,1.768886,1.656893,1.750851,1.750851,235.0,38
2020-03-03,1.75069,1.7644360000000001,1.3892149999999999,1.494889,1.494889,5291.0,38
2020-03-04,1.494889,1.6208770000000001,1.488343,1.57903,1.57903,516.0,40
2020-03-05,1.5789549999999999,1.59155,1.429552,1.439878,1.439878,3366.0,41
2020-03-06,1.439878,1.5708959999999998,1.438764,1.518748,1.518748,2190.0,39
2020-03-07,1.518748,1.557502,1.471287,1.5477299999999998,1.5477299999999998,421.0,38
2020-03-08,1.5477299999999998,1.5477299999999998,1.433793,1.443616,1.443616,1923.0,33
2020-03-09,1.442965,1.518744,1.380473,1.50176,1.50176,2021.0,17
2020-03-10,1.503169,1.50872,1.351469,1.486423,1.486423,247.0,16
2020-03-11,1.485737,1.4878200000000001,1.376999,1.387203,1.387203,125.0,17
2020-03-12,1.387226,1.405967,1.3385559999999999,1.3476569999999999,1.3476569999999999,2820.0,14
2020-03-13,1.3472709999999999,1.38018,1.259951,1.3341290000000001,1.3341290000000001,809.0,10
2020-03-14,1.3341290000000001,1.3341370000000001,1.3248719999999998,1.3248719999999998,1.3248719999999998,26.0,8
2020-03-15,1.3248719999999998,1.361306,1.259926,1.349129,1.349129,360.0,12
2020-03-16,1.349959,1.354252,1.2213829999999999,1.2713940000000001,1.2713940000000001,1354.0,9
2020-03-17,1.271236,1.2721200000000001,1.1320709999999998,1.210492,1.210492,1601.0,8
2020-03-18,1.2105709999999998,1.217522,1.080599,1.1153549999999999,1.1153549999999999,852.0,11
2020-03-19,1.11531,1.18666,0.927817,1.1677549999999999,1.1677549999999999,1396.0,12
2020-03-20,1.167562,1.188712,1.0352270000000001,1.108118,1.108118,193.0,9
2020-03-21,1.108118,1.180191,1.045164,1.180191,1.180191,454.0,9
2020-03-22,1.180191,1.184833,1.109522,1.11372,1.11372,97.0,11
2020-03-23,1.11372,1.19127,1.103918,1.1908530000000002,1.1908530000000002,173.0,10
2020-03-24,1.191067,1.3500860000000001,1.189401,1.295618,1.295618,356.0,12
2020-03-25,1.295618,1.299959,1.272983,1.298845,1.298845,23.0,13
2020-03-26,1.298821,1.3139969999999999,1.1333010000000001,1.237075,1.237075,1635.0,14
2020-03-27,1.2370430000000001,1.247183,1.104011,1.121253,1.121253,194.0,12
2020-03-28,1.121253,1.139786,0.9451879999999999,1.139785,1.139785,4222.0,8
2020-03-29,1.139785,1.145181,1.139189,1.145181,1.145181,2.0,12
2020-03-30,1.145208,1.1477600000000001,1.061935,1.0644049999999998,1.0644049999999998,6.0,10
2020-03-31,1.064067,1.133466,1.058023,1.116127,1.116127,220.0,12
2020-04-01,1.116127,1.1187690000000001,0.723854,0.895925,0.895925,6931.0,12
2020-04-02,0.89569,1.025395,0.7416739999999999,0.751904,0.751904,3753.0,14
2020-04-03,0.7516729999999999,0.9796360000000001,0.7516729999999999,0.903818,0.903818,513.0,14
2020-04-04,0.903818,0.922262,0.793148,0.889983,0.889983,158.0,12
2020-04-05,0.889983,0.9765729999999999,0.8392629999999999,0.851033,0.851033,185.0,12
2020-04-06,0.8510040000000001,0.9630770000000001,0.848086,0.9163479999999999,0.9163479999999999,90.0,12
2020-04-07,0.916323,0.9665379999999999,0.916323,0.9479200000000001,0.9479200000000001,292.0,20
2020-04-08,0.9478409999999999,0.965305,0.916776,0.918054,0.918054,44.0,21
2020-04-09,0.918156,0.9241030000000001,0.916919,0.9220780000000001,0.9220780000000001,470.0,22
2020-04-10,0.9219450000000001,0.9322299999999999,0.921583,0.932207,0.932207,1923.0,15
2020-04-11,0.932207,0.965024,0.802991,0.9650219999999999,0.9650219999999999,1293.0,15
2020-04-12,0.9650219999999999,0.9650219999999999,0.957059,0.95883,0.95883,0.0,10
2020-04-13,0.958886,0.963733,0.893085,0.8957280000000001,0.8957280000000001,14.0,11
2020-04-14,0.8957280000000001,0.965053,0.8355739999999999,0.8402629999999999,0.8402629999999999,369.0,15
2020-04-15,0.840317,0.9699260000000001,0.8395959999999999,0.9291879999999999,0.9291879999999999,102.0,18
2020-04-16,0.929208,0.9331219999999999,0.851686,0.9067700000000001,0.9067700000000001,142.0,13
2020-04-17,0.910992,0.9575610000000001,0.855217,0.860878,0.860878,165.0,15
2020-04-18,0.910992,0.9575610000000001,0.855217,0.860878,0.860878,165.0,18
2020-04-19,0.860878,0.9649979999999999,0.860878,0.9642,0.9642,521.0,16
2020-04-20,0.9639850000000001,0.964559,0.927686,0.92874,0.92874,284.0,15
2020-04-21,0.928768,0.967305,0.926842,0.92835,0.92835,650.0,17
2020-04-22,0.928263,0.929955,0.891064,0.927501,0.927501,6.0,19
2020-04-23,0.927386,0.9314959999999999,0.926108,0.928969,0.928969,94.0,19
2020-04-24,0.928745,0.964836,0.836026,0.949052,0.949052,1785.0,20
2020-04-25,0.949052,0.949052,0.837095,0.8463950000000001,0.8463950000000001,54.0,24
2020-04-26,0.8463950000000001,0.907272,0.8454809999999999,0.846376,0.846376,417.0,21
2020-04-27,0.8465159999999999,0.933483,0.846441,0.8808360000000001,0.8808360000000001,650.0,28
2020-04-28,0.880719,0.936926,0.869524,0.9365530000000001,0.9365530000000001,1431.0,26
2020-04-29,0.936659,0.9393729999999999,0.8712340000000001,0.88454,0.88454,1789.0,26
2020-04-30,0.8844540000000001,1.0518,0.8824420000000001,0.9310120000000001,0.9310120000000001,4368.0,44
2020-05-01,0.931082,0.984899,0.914725,0.98195,0.98195,428.0,40
2020-05-02,0.98195,0.981959,0.935191,0.935191,0.935191,216.0,40
2020-05-03,0.935191,1.01197,0.935191,1.011908,1.011908,1379.0,45
2020-05-04,1.011747,1.012306,0.9934629999999999,0.9934629999999999,0.9934629999999999,2.0,44
2020-05-05,0.9934629999999999,1.00352,0.9655020000000001,0.9685809999999999,0.9685809999999999,204.0,40
2020-05-06,0.9685309999999999,1.009458,0.968513,1.007642,1.007642,90.0,42
2020-05-07,1.00758,1.079792,1.00337,1.071916,1.071916,1481.0,49
2020-05-08,1.071933,1.2092690000000001,1.005857,1.134276,1.134276,4371.0,55
2020-05-09,1.134276,1.228018,1.115527,1.199892,1.199892,1877.0,56
2020-05-10,1.199892,1.199892,1.012411,1.150357,1.150357,2969.0,48
2020-05-11,1.150359,1.151907,1.0534649999999999,1.124884,1.124884,322.0,40
2020-05-12,1.1248209999999998,1.129389,1.1149069999999999,1.129265,1.129265,351.0,39
2020-05-13,1.129265,1.178252,1.086543,1.178252,1.178252,1772.0,41
2020-05-14,1.178312,1.2311370000000001,1.178159,1.229541,1.229541,1737.0,40
2020-05-15,1.229388,1.235134,1.190992,1.190992,1.190992,3503.0,44
2020-05-16,1.190992,1.233028,1.190992,1.214346,1.214346,153.0,41
2020-05-17,1.214346,1.214346,1.129508,1.203099,1.203099,97.0,40
2020-05-18,1.2032969999999998,1.221156,1.201211,1.201506,1.201506,603.0,50
2020-05-19,1.2013719999999999,1.208856,1.184959,1.186977,1.186977,251.0,50
2020-05-20,1.1872120000000002,1.203491,1.0783989999999999,1.2023840000000001,1.2023840000000001,981.0,52
2020-05-21,1.202369,1.202494,1.173178,1.175189,1.175189,47.0,49
2020-05-22,1.175253,1.178541,1.032261,1.170728,1.170728,200.0,42
2020-05-23,1.170728,1.203252,1.022068,1.16144,1.16144,1682.0,40
2020-05-24,1.16144,1.16144,1.068525,1.113817,1.113817,1686.0,43
2020-05-25,1.113817,1.1146790000000002,1.021448,1.114291,1.114291,740.0,41
2020-05-26,1.114335,1.149411,1.0192709999999998,1.097693,1.097693,166.0,39
2020-05-27,1.097693,1.099019,1.041182,1.089059,1.089059,23.0,39
2020-05-28,1.089018,1.089457,0.983816,1.075631,1.075631,1369.0,41
2020-05-29,1.0758020000000001,1.0782450000000001,1.038733,1.048383,1.048383,395.0,48
2020-05-30,1.048383,1.057661,1.02055,1.053022,1.053022,982.0,48
2020-05-31,1.053022,1.053022,0.9741700000000001,1.035123,1.035123,725.0,51
2020-06-01,1.035148,1.038102,0.983964,1.032184,1.032184,578.0,50
2020-06-02,1.032059,1.065532,0.996907,1.056959,1.056959,427.0,56
2020-06-03,1.0567090000000001,1.060543,0.992175,1.054956,1.054956,261.0,48
2020-06-04,1.054901,1.058651,0.961706,0.96301,0.96301,1532.0,54
2020-06-05,0.962992,1.049468,0.9622209999999999,1.040241,1.040241,319.0,53
2020-06-06,1.040241,1.040241,1.040239,1.040239,1.040239,4.0,54
2020-06-07,1.040239,1.0404440000000001,0.966939,1.0396530000000002,1.0396530000000002,179.0,54
2020-06-08,1.039728,1.043026,0.967709,1.042049,1.042049,801.0,53
2020-06-09,1.04216,1.049652,0.9797530000000001,1.047739,1.047739,157.0,52
2020-06-10,1.047718,1.052715,0.9312809999999999,0.999785,0.999785,6309.0,54
2020-06-11,0.9999239999999999,1.0497610000000002,0.963424,0.964117,0.964117,1049.0,52
2020-06-12,0.964347,1.045024,0.9303620000000001,1.03387,1.03387,3427.0,38
2020-06-13,1.03387,1.03387,0.978101,1.024553,1.024553,741.0,38
2020-06-14,1.024553,1.024934,0.9966139999999999,1.024934,1.024934,17.0,40
2020-06-15,1.024979,1.02791,0.9782350000000001,1.0050059999999998,1.0050059999999998,397.0,37
2020-06-16,1.004777,1.016512,0.9901040000000001,1.005396,1.005396,246.0,39
2020-06-17,1.005526,1.02915,0.987456,1.02915,1.02915,743.0,38
2020-06-18,1.0290569999999999,1.068699,1.027404,1.065373,1.065373,1208.0,40
2020-06-19,1.06532,1.067616,0.9904459999999999,0.9916739999999999,0.9916739999999999,399.0,39
2020-06-20,0.9916739999999999,1.0431270000000001,0.988867,1.0431270000000001,1.0431270000000001,31.0,38
2020-06-21,1.0431270000000001,1.0431270000000001,1.028176,1.038889,1.038889,16.0,37
2020-06-22,1.038974,1.0671950000000001,1.000557,1.066323,1.066323,451.0,38
2020-06-23,1.0663559999999999,1.067994,1.026258,1.06526,1.06526,1122.0,41
2020-06-24,1.0654430000000001,1.0657729999999999,0.9815209999999999,1.0368700000000002,1.0368700000000002,694.0,50
2020-06-25,1.036965,1.037173,0.8681760000000001,0.8696860000000001,0.8696860000000001,2588.0,43
2020-06-26,0.8697280000000001,0.97278,0.8690129999999999,0.933008,0.933008,3274.0,40
2020-06-27,0.933008,0.960066,0.9003549999999999,0.9470040000000001,0.9470040000000001,546.0,43
2020-06-28,0.9470040000000001,0.9470040000000001,0.8883190000000001,0.9234950000000001,0.9234950000000001,1120.0,40
2020-06-29,0.9234950000000001,0.9331440000000001,0.882508,0.8849299999999999,0.8849299999999999,15.0,41
2020-06-30,0.884858,0.9434819999999999,0.883337,0.9395209999999999,0.9395209999999999,4.0,44
2020-07-01,0.9394389999999999,0.946795,0.9188360000000001,0.944908,0.944908,13.0,42
2020-07-02,0.94484,0.962699,0.8925559999999999,0.962578,0.962578,260.0,42
2020-07-03,0.962623,0.9631799999999999,0.939142,0.939478,0.939478,16.0,41
2020-07-04,0.939478,0.961709,0.886768,0.961709,0.961709,10.0,40
2020-07-05,0.961709,0.961709,0.94878,0.957334,0.957334,9.0,38
2020-07-06,0.957334,0.9574540000000001,0.9292819999999999,0.9314370000000001,0.9314370000000001,11.0,40
2020-07-07,0.9314370000000001,0.958095,0.927744,0.957418,0.957418,2.0,43
2020-07-08,0.957472,0.958733,0.930039,0.9320229999999999,0.9320229999999999,346.0,44
2020-07-09,0.9320709999999999,0.933672,0.9125469999999999,0.932679,0.932679,230.0,44
2020-07-10,0.9324790000000001,0.937075,0.919899,0.92125,0.92125,727.0,41
2020-07-11,0.92125,0.935409,0.92125,0.935409,0.935409,0.0,44
2020-07-12,0.935409,0.935409,0.9209780000000001,0.921293,0.921293,165.0,41
2020-07-13,0.921293,0.9248219999999999,0.9178540000000001,0.918184,0.918184,38.0,43
2020-07-14,0.918213,0.9238620000000001,0.91746,0.923117,0.923117,9.0,43
2020-07-15,0.923119,0.935549,0.889582,0.9353309999999999,0.9353309999999999,1312.0,44
2020-07-16,0.935427,0.936032,0.931112,0.9320879999999999,0.9320879999999999,10.0,43
2020-07-17,0.932097,0.9349879999999999,0.8921450000000001,0.934443,0.934443,13.0,41
2020-07-18,0.934443,0.934536,0.934443,0.934536,0.934536,178.0,44
2020-07-19,0.934536,0.934536,0.9065,0.924586,0.924586,4.0,41
2020-07-20,0.924444,0.9609780000000001,0.920918,0.960909,0.960909,383.0,44
2020-07-21,0.9609409999999999,0.9614299999999999,0.904526,0.926875,0.926875,37.0,44
2020-07-22,0.9268120000000001,0.9520299999999999,0.924717,0.9517459999999999,0.9517459999999999,7.0,50
2020-07-23,0.951701,1.163848,0.951586,1.1232360000000001,1.1232360000000001,3930.0,55
2020-07-24,1.1231149999999999,1.123291,0.967196,1.017499,1.017499,994.0,53
2020-07-25,1.017499,1.088159,1.017499,1.085333,1.085333,335.0,55
2020-07-26,1.085333,1.085333,0.9430719999999999,0.981243,0.981243,425.0,55
2020-07-27,0.9811780000000001,1.055924,0.980665,1.025726,1.025726,29.0,58
2020-07-28,1.02594,1.095626,0.9947030000000001,1.09405,1.09405,2236.0,76
2020-07-29,1.094092,1.0991959999999998,1.092802,1.095011,1.095011,550.0,71
2020-07-30,1.095066,1.0993600000000001,1.088314,1.099161,1.099161,370.0,76
2020-07-31,1.099162,1.104292,1.007831,1.079942,1.079942,431.0,75
2020-08-01,1.079942,1.131908,1.020418,1.113077,1.113077,2979.0,75
2020-08-02,1.113077,1.113077,1.061991,1.105137,1.105137,888.0,80
2020-08-03,1.1051309999999999,1.105753,1.045301,1.098653,1.098653,469.0,75
2020-08-04,1.098658,1.102653,1.0405950000000002,1.1025909999999999,1.1025909999999999,167.0,72
2020-08-05,1.1028149999999999,1.105183,1.099488,1.102545,1.102545,13.0,75
2020-08-06,1.102589,1.1133620000000002,1.051899,1.111958,1.111958,934.0,79
2020-08-07,1.111932,1.112554,1.087681,1.1082889999999999,1.1082889999999999,961.0,77
2020-08-08,1.1082889999999999,1.108331,1.0855299999999999,1.104409,1.104409,446.0,77
2020-08-09,1.104409,1.10942,1.0855299999999999,1.10897,1.10897,1024.0,79
2020-08-10,1.1089959999999999,1.1122,1.0895299999999999,1.089715,1.089715,1060.0,78
2020-08-11,1.089715,1.113795,1.084171,1.10772,1.10772,1021.0,84
2020-08-12,1.107741,1.108341,1.10281,1.104646,1.104646,2.0,75
2020-08-13,1.104609,1.107272,1.0938620000000001,1.10291,1.10291,14.0,75
2020-08-14,1.102908,1.104258,1.079351,1.10238,1.10238,1012.0,78
2020-08-15,1.10238,1.10707,1.083616,1.083616,1.083616,231.0,79
2020-08-16,1.083616,1.116941,1.078925,1.116757,1.116757,1525.0,82
2020-08-17,1.116757,1.241529,1.1158620000000001,1.1462809999999999,1.1462809999999999,7972.0,83
2020-08-18,1.146206,1.226073,1.146184,1.226061,1.226061,1046.0,82
2020-08-19,1.225856,1.2809549999999998,1.14765,1.225502,1.225502,2583.0,80
2020-08-20,1.2254559999999999,1.230177,1.17321,1.18299,1.18299,466.0,75
2020-08-21,1.183014,1.2664309999999999,1.182031,1.2664309999999999,1.2664309999999999,71.0,81
2020-08-22,1.2664309999999999,1.266432,1.1067120000000001,1.181373,1.181373,1335.0,78
2020-08-23,1.181373,1.181373,1.1234629999999999,1.171085,1.171085,145.0,76
2020-08-24,1.171085,1.173297,1.1187790000000002,1.122679,1.122679,1300.0,78
2020-08-25,1.1227260000000001,1.17086,1.1042020000000001,1.164631,1.164631,1106.0,75
2020-08-26,1.164541,1.164541,1.117175,1.133578,1.133578,663.0,76
2020-08-27,1.133472,1.1644700000000001,1.106701,1.153306,1.153306,95.0,75
2020-08-28,1.153447,1.169124,1.122109,1.16746,1.16746,363.0,74
2020-08-29,1.16746,1.180374,1.120119,1.172226,1.172226,748.0,79
2020-08-30,1.172226,1.223541,1.138896,1.2132690000000002,1.2132690000000002,993.0,75
2020-08-31,1.2129729999999999,1.276089,1.140642,1.273492,1.273492,1461.0,75
2020-09-01,1.273539,1.287196,1.154623,1.283484,1.283484,2191.0,75
2020-09-02,1.283415,1.290082,1.176087,1.2898370000000001,1.2898370000000001,1956.0,83
2020-09-03,1.2898370000000001,1.315691,1.177229,1.20646,1.20646,2481.0,79
2020-09-04,1.206546,1.2980559999999999,1.167384,1.2969959999999998,1.2969959999999998,1582.0,40
2020-09-05,1.2969959999999998,1.2969959999999998,1.185934,1.289462,1.289462,3.0,41
2020-09-06,1.289462,1.289462,1.1759950000000001,1.269799,1.269799,477.0,41
2020-09-07,1.2698049999999999,1.2703959999999999,1.166258,1.166477,1.166477,265.0,41
2020-09-08,1.166439,1.227985,1.1663729999999999,1.226745,1.226745,14.0,41
2020-09-09,1.226787,1.271677,1.223581,1.270815,1.270815,894.0,38
2020-09-10,1.27078,1.295318,1.224601,1.295318,1.295318,1875.0,38
2020-09-11,1.295318,1.296167,1.261225,1.262305,1.262305,609.0,41
2020-09-12,1.262305,1.290565,1.262305,1.290565,1.290565,235.0,41
2020-09-13,1.290565,1.2914370000000002,1.240639,1.290624,1.290624,2622.0,38
2020-09-14,1.290651,1.2979319999999999,1.25785,1.295664,1.295664,5.0,39
2020-09-15,1.295723,1.405485,1.232803,1.404083,1.404083,2827.0,47
2020-09-16,1.404307,1.411656,1.252575,1.408726,1.408726,77.0,43
2020-09-17,1.4086040000000002,1.4157799999999998,1.267425,1.392126,1.392126,444.0,48
2020-09-18,1.392126,1.4001569999999999,1.292526,1.396261,1.396261,8.0,49
2020-09-19,1.396261,1.396261,1.266208,1.396261,1.396261,42.0,48
2020-09-20,1.396261,1.570222,1.396261,1.530727,1.530727,5118.0,52
2020-09-21,1.530667,1.557274,1.401245,1.556969,1.556969,1178.0,48
2020-09-22,1.55697,1.56033,1.351802,1.351969,1.351969,558.0,39
2020-09-23,1.351969,1.524825,1.3472389999999999,1.348423,1.348423,89.0,43
2020-09-24,1.3484129999999999,1.3662889999999999,1.337076,1.3657569999999999,1.3657569999999999,136.0,39
2020-09-25,1.3658219999999999,1.368213,1.362431,1.363752,1.363752,1.0,46
2020-09-26,1.363752,1.363752,1.292724,1.325871,1.325871,876.0,45
2020-09-27,1.325871,1.326857,1.292724,1.3259459999999998,1.3259459999999998,895.0,47
2020-09-28,1.3259459999999998,1.351625,1.3259459999999998,1.351402,1.351402,321.0,43
2020-09-29,1.351517,1.352665,1.2960530000000001,1.302229,1.302229,206.0,45
2020-09-30,1.302201,1.3138670000000001,1.291721,1.313369,1.313369,879.0,49
2020-10-01,1.313361,1.46986,1.311974,1.383218,1.383218,626.0,45
2020-10-02,1.383225,1.391205,1.2911190000000001,1.2911190000000001,1.2911190000000001,1858.0,41
2020-10-03,1.2911190000000001,1.3850879999999999,1.2911190000000001,1.329093,1.329093,31.0,40
2020-10-04,1.329093,1.3857549999999998,1.325933,1.3266870000000002,1.3266870000000002,91.0,42
2020-10-05,1.326794,1.382343,1.286052,1.2863930000000001,1.2863930000000001,2002.0,42
2020-10-06,1.286543,1.383888,1.2862040000000001,1.381925,1.381925,961.0,47
2020-10-07,1.381925,1.382115,1.248189,1.249479,1.249479,1579.0,43
2020-10-08,1.24942,1.349987,1.24942,1.2497209999999999,1.2497209999999999,74.0,46
2020-10-09,1.287696,1.296218,1.2536200000000002,1.2536200000000002,1.2536200000000002,2093.0,48
2020-10-10,1.287696,1.296218,1.2536200000000002,1.2536200000000002,1.2536200000000002,2093.0,53
2020-10-11,1.2536200000000002,1.2782280000000001,1.228565,1.230579,1.230579,702.0,55
2020-10-12,1.2325700000000002,1.256631,1.2322170000000001,1.2554,1.2554,2.0,52
2020-10-13,1.2325700000000002,1.256631,1.2322170000000001,1.2554,1.2554,2.0,56
2020-10-14,1.2325700000000002,1.256631,1.2322170000000001,1.2554,1.2554,2.0,53
2020-10-15,1.2554319999999999,1.2556479999999999,1.213368,1.252836,1.252836,228.0,56
2020-10-16,1.252836,1.254491,1.2152690000000002,1.233105,1.233105,101.0,52
2020-10-17,1.233105,1.233105,1.214134,1.233105,1.233105,14.0,56
2020-10-18,1.233105,1.253472,1.195163,1.251986,1.251986,52.0,55
2020-10-19,1.2519799999999999,1.28201,1.251305,1.261052,1.261052,35.0,55
2020-10-20,1.261052,1.279641,1.183039,1.2514450000000001,1.2514450000000001,392.0,56
2020-10-21,1.2514450000000001,1.263117,1.1855280000000001,1.232306,1.232306,2933.0,61
2020-10-22,1.232306,1.26149,1.182352,1.23474,1.23474,21.0,73
2020-10-23,1.2348620000000001,1.2587110000000001,1.194272,1.238718,1.238718,43.0,74
2020-10-24,1.238718,1.238718,1.237758,1.237758,1.237758,0.0,73
2020-10-25,1.237758,1.237758,1.1747290000000001,1.2214120000000002,1.2214120000000002,2181.0,76
2020-10-26,1.221485,1.222062,1.172534,1.1732719999999999,1.1732719999999999,15.0,75
2020-10-27,1.173295,1.215692,1.173278,1.213803,1.213803,24820.0,61
2020-10-28,1.213734,1.2427219999999999,1.1883860000000002,1.2419,1.2419,149.0,70
2020-10-29,1.241874,1.244513,1.1286129999999999,1.2393450000000001,1.2393450000000001,487.0,67
2020-10-30,1.239325,1.2424520000000001,1.1486049999999999,1.213511,1.213511,116.0,74
2020-10-31,1.213511,1.2393020000000001,1.1466290000000001,1.2393020000000001,1.2393020000000001,235.0,73
2020-11-01,1.2393020000000001,1.23955,1.17543,1.176307,1.176307,1.0,72
2020-11-02,1.176048,1.176108,1.049117,1.1382139999999998,1.1382139999999998,4946.0,71
2020-11-03,1.138226,1.148622,1.060206,1.1377,1.1377,76.0,71
2020-11-04,1.13799,1.1399139999999999,1.047291,1.120314,1.120314,1099.0,74
2020-11-05,1.120228,1.164819,1.065118,1.162876,1.162876,857.0,72
2020-11-06,1.1629479999999999,1.209282,1.111258,1.209282,1.209282,270.0,90
2020-11-07,1.209282,1.209282,1.151238,1.189934,1.189934,859.0,88
2020-11-08,1.189934,1.1918549999999999,1.152213,1.191103,1.191103,588.0,82
2020-11-09,1.1912280000000002,1.193294,1.112852,1.189111,1.189111,169.0,90
2020-11-10,1.189003,1.192484,1.185035,1.187557,1.187557,1.0,90
2020-11-11,1.1875120000000001,1.1904190000000001,1.126243,1.185893,1.185893,199.0,86
2020-11-12,1.185853,1.188353,1.09352,1.094258,1.094258,2487.0,87
2020-11-13,1.0944559999999999,1.171214,1.094134,1.09906,1.09906,143.0,89
2020-11-14,1.09906,1.1946290000000002,1.09906,1.194628,1.194628,645.0,90
2020-11-15,1.194628,1.194628,1.100021,1.17513,1.17513,635.0,86
2020-11-16,1.175102,1.195816,1.108968,1.194357,1.194357,430.0,90
2020-11-17,1.194818,1.198499,1.1288479999999999,1.138531,1.138531,3370.0,86
2020-11-18,1.138439,1.1950379999999998,1.138439,1.1840190000000002,1.1840190000000002,500.0,91
2020-11-19,1.183865,1.185925,1.143658,1.179921,1.179921,57.0,94
2020-11-20,1.17987,1.185065,1.141877,1.184264,1.184264,302.0,86
2020-11-21,1.184264,1.240059,1.161257,1.240059,1.240059,2736.0,91
2020-11-22,1.240059,1.263809,1.1767809999999999,1.2630059999999999,1.2630059999999999,2872.0,94
2020-11-23,1.262987,1.339913,1.2046290000000002,1.253234,1.253234,2380.0,90
2020-11-24,1.2533889999999999,1.333717,1.251917,1.3270540000000002,1.3270540000000002,3846.0,88
2020-11-25,1.32707,1.33318,1.281992,1.322746,1.322746,1543.0,94
2020-11-26,1.322797,1.3245,1.189186,1.246955,1.246955,5838.0,93
2020-11-27,1.24699,1.29905,1.200763,1.2102030000000001,1.2102030000000001,1242.0,86
2020-11-28,1.2102030000000001,1.276454,1.2102030000000001,1.267829,1.267829,7.0,87
2020-11-29,1.267829,1.277567,1.230489,1.27672,1.27672,154.0,89
2020-11-30,1.276746,1.279739,1.2301360000000001,1.2675040000000002,1.2675040000000002,3140.0,88
2020-12-01,1.267413,1.295523,1.254143,1.255851,1.255851,1035.0,95
2020-12-02,1.255875,1.292102,1.252631,1.291409,1.291409,65.0,92
2020-12-03,1.2914459999999999,1.30114,1.2612459999999999,1.261789,1.261789,623.0,92
2020-12-04,1.261738,1.299205,1.257198,1.257368,1.257368,2247.0,92
2020-12-05,1.257368,1.295633,1.257368,1.257377,1.257377,755.0,93
2020-12-06,1.257377,1.2717459999999998,1.25676,1.266701,1.266701,1243.0,95
2020-12-07,1.266752,1.269927,1.23037,1.269169,1.269169,1229.0,94
2020-12-08,1.26912,1.26973,1.230318,1.261744,1.261744,995.0,95
2020-12-09,1.2617690000000001,1.262163,1.216966,1.218417,1.218417,528.0,86
2020-12-10,1.218389,1.2557180000000001,1.2148860000000001,1.220893,1.220893,1062.0,94
2020-12-11,1.220847,1.2520149999999999,1.219897,1.249855,1.249855,489.0,89
2020-12-12,1.249855,1.25947,1.221013,1.25947,1.25947,201.0,90
2020-12-13,1.25947,1.25947,1.231589,1.2564959999999998,1.2564959999999998,52.0,91
2020-12-14,1.256168,1.301458,1.2392889999999999,1.249809,1.249809,1444.0,95
2020-12-15,1.249833,1.27016,1.2001700000000002,1.269815,1.269815,2885.0,91
2020-12-16,1.269778,1.274129,1.2031,1.208974,1.208974,1547.0,92
2020-12-17,1.208977,1.3121559999999999,1.208119,1.308894,1.308894,2053.0,92
2020-12-18,1.3088879999999998,1.309049,1.255001,1.25827,1.25827,393.0,95
2020-12-19,1.25827,1.316318,1.25827,1.259219,1.259219,2946.0,93
2020-12-20,1.259219,1.294052,1.258245,1.2660559999999998,1.2660559999999998,1900.0,92
2020-12-21,1.265851,1.293828,1.238474,1.2386059999999999,1.2386059999999999,2517.0,92
2020-12-22,1.23869,1.25819,1.214728,1.2172290000000001,1.2172290000000001,437.0,88
2020-12-23,1.217192,1.257447,1.164452,1.164554,1.164554,2985.0,93
2020-12-24,1.139673,1.207011,1.061566,1.195659,1.195659,2988.0,86
2020-12-25,1.195659,1.25634,1.100926,1.256033,1.256033,2280.0,94
2020-12-26,1.256033,1.256033,1.1690969999999998,1.2396120000000002,1.2396120000000002,580.0,93
2020-12-27,1.2396120000000002,1.256031,1.168042,1.168793,1.168793,1847.0,91
2020-12-28,1.168736,1.236206,1.167619,1.176533,1.176533,1185.0,92
2020-12-29,1.176533,1.2303979999999999,1.168109,1.178027,1.178027,174.0,91
2020-12-30,1.178107,1.232776,1.1041159999999999,1.16367,1.16367,1354.0,91
2020-12-31,1.16367,1.24946,1.105556,1.113915,1.113915,5019.0,95
2021-01-01,1.113915,1.210594,1.113758,1.118759,1.118759,445.0,94
2021-01-02,1.118759,1.249516,1.118759,1.181714,1.181714,3041.0,94
2021-01-03,1.181714,1.2107709999999998,1.161918,1.162716,1.162716,2601.0,93
2021-01-04,1.162626,1.208796,1.138906,1.144209,1.144209,1097.0,94
2021-01-05,1.144158,1.21281,1.143553,1.212509,1.212509,2.0,93
2021-01-06,1.212485,1.213429,1.15725,1.208277,1.208277,1275.0,95
2021-01-07,1.208289,1.26089,1.181655,1.2042979999999999,1.2042979999999999,2345.0,91
2021-01-08,1.204286,1.252268,1.181726,1.250546,1.250546,1058.0,93
2021-01-09,1.250546,1.286218,1.192956,1.280448,1.280448,2691.0,93
2021-01-10,1.280448,1.414169,1.267917,1.392024,1.392024,9887.0,94
2021-01-11,1.3920059999999999,1.392693,1.2027709999999998,1.30599,1.30599,3924.0,90
2021-01-12,1.3059530000000001,1.3059530000000001,1.203594,1.252988,1.252988,426.0,84
2021-01-13,1.252982,1.2556100000000001,1.2021819999999999,1.242367,1.242367,570.0,78
2021-01-14,1.242348,1.299641,1.210456,1.252066,1.252066,2793.0,83
2021-01-15,1.252059,1.270789,1.2320010000000001,1.232133,1.232133,180.0,88
2021-01-16,1.232133,1.305449,1.232133,1.276002,1.276002,275.0,84
2021-01-17,1.276002,1.3590360000000001,1.276002,1.347037,1.347037,1925.0,79
2021-01-18,1.347242,1.350299,1.281561,1.283391,1.283391,256.0,79
2021-01-19,1.283354,1.6733930000000001,1.282553,1.636125,1.636125,9792.0,80
2021-01-20,1.636156,1.637269,1.4446370000000002,1.494626,1.494626,5960.0,78
2021-01-21,1.494484,1.644334,1.4596870000000002,1.487707,1.487707,2077.0,75
2021-01-22,1.487678,2.3172650000000004,1.457452,2.0619549999999998,2.0619549999999998,17589.0,40
2021-01-23,2.0619549999999998,2.0619549999999998,1.870254,1.9328419999999997,1.9328419999999997,2117.0,74
2021-01-24,1.9328419999999997,2.0619509999999996,1.878887,2.023375,2.023375,2573.0,70
2021-01-25,2.0233849999999998,2.0433689999999998,1.902347,1.9370509999999999,1.9370509999999999,2368.0,74
2021-01-26,1.9370509999999999,1.968588,1.9083009999999998,1.954318,1.954318,542.0,71
2021-01-27,1.9543560000000002,1.957427,1.822312,1.823157,1.823157,4672.0,78
2021-01-28,1.823262,1.8354529999999998,1.741525,1.8352529999999998,1.8352529999999998,806.0,55
2021-01-29,1.6564900000000002,1.808487,1.632279,1.690625,1.690625,3807.0,77
2021-01-30,1.690625,1.7003380000000001,1.6046610000000001,1.7003380000000001,1.7003380000000001,179.0,76
2021-01-31,1.7003380000000001,1.7003380000000001,1.6315309999999998,1.633433,1.633433,183.0,78
2021-02-01,1.633129,1.735294,1.632427,1.7351759999999998,1.7351759999999998,3715.0,77
2021-02-02,1.7353,1.8380599999999998,1.705916,1.837535,1.837535,2318.0,76
2021-02-03,1.837553,2.189953,1.8084939999999998,1.918033,1.918033,9852.0,78
2021-02-04,1.9181990000000002,2.281,1.9170779999999998,2.017627,2.017627,12985.0,80
2021-02-05,2.0175799999999997,2.9143630000000003,1.9901380000000002,2.628709,2.628709,32457.0,81
2021-02-06,2.628709,2.837485,2.4768689999999998,2.486359,2.486359,6304.0,84
2021-02-07,2.486359,2.8469759999999997,2.362529,2.495397,2.495397,13562.0,86
2021-02-08,2.4953380000000003,2.4963450000000003,2.0900689999999997,2.090905,2.090905,6601.0,83
2021-02-09,2.0909169999999997,2.375754,1.926139,2.099748,2.099748,17785.0,95
2021-02-10,2.0996669999999997,2.576926,2.099426,2.474469,2.474469,19833.0,92
2021-02-11,2.474421,2.904519,2.303761,2.5214119999999998,2.5214119999999998,10699.0,93
2021-02-12,2.52136,3.0540279999999997,2.520885,2.582305,2.582305,23675.0,92
2021-02-13,2.582305,2.831946,2.47723,2.496286,2.496286,18189.0,92
2021-02-14,2.496286,2.658258,2.496286,2.6399060000000003,2.6399060000000003,2501.0,95
2021-02-15,2.639742,2.641853,2.51971,2.561936,2.561936,3253.0,93
2021-02-16,2.5623259999999997,2.775745,2.5146919999999997,2.68721,2.68721,8468.0,95
2021-02-17,2.68716,2.69275,2.4885200000000003,2.642793,2.642793,1272.0,95
2021-02-18,2.642776,2.6598509999999997,2.2776650000000003,2.4323240000000004,2.4323240000000004,17025.0,91
2021-02-19,2.4323759999999996,3.793448,2.416842,3.43307,3.43307,66253.0,93
2021-02-20,3.233916,3.726114,3.233916,3.477964,3.477964,19248.0,91
2021-02-21,3.477964,3.639069,2.840399,2.84344,2.84344,30433.0,91
2021-02-22,2.8429599999999997,2.995939,2.711265,2.862205,2.862205,16557.0,94
2021-02-23,2.861741,2.861741,2.51674,2.6783639999999997,2.6783639999999997,11904.0,94
2021-02-24,2.678156,2.741768,2.5932310000000003,2.595548,2.595548,5807.0,76
2021-02-25,2.5954900000000003,2.697018,2.493609,2.538023,2.538023,4006.0,79
2021-02-26,2.537916,2.682984,2.321311,2.329122,2.329122,3100.0,55
2021-02-27,2.329122,2.4860439999999997,2.284347,2.4860439999999997,2.4860439999999997,2978.0,56
2021-02-28,2.4860439999999997,2.4860439999999997,2.31249,2.3238779999999997,2.3238779999999997,1666.0,55
2021-03-01,2.323907,2.488067,2.305581,2.359196,2.359196,503.0,38
2021-03-02,2.3593,2.7087209999999997,2.3388619999999998,2.511217,2.511217,5721.0,78
2021-03-03,2.511218,2.826207,2.511105,2.8021380000000002,2.8021380000000002,9920.0,78
2021-03-04,2.8021119999999997,2.82187,2.64356,2.644662,2.644662,656.0,84
2021-03-05,2.644401,2.7727619999999997,2.630244,2.676388,2.676388,1580.0,77
2021-03-06,2.676388,2.7225330000000003,2.630244,2.631167,2.631167,1660.0,77
2021-03-07,2.631167,2.703048,2.628355,2.701318,2.701318,132.0,76
2021-03-08,2.7014720000000003,2.703013,2.542452,2.542802,2.542802,2383.0,81
2021-03-09,2.542708,2.666407,2.526838,2.634121,2.634121,2269.0,81
2021-03-10,2.634145,2.635395,2.521674,2.526775,2.526775,762.0,68
2021-03-11,2.526709,2.628494,2.499965,2.505575,2.505575,4812.0,73
2021-03-12,2.505273,2.5451330000000003,2.296663,2.532106,2.532106,4903.0,70
2021-03-13,2.532106,2.532106,2.385326,2.522936,2.522936,3512.0,74
2021-03-14,2.522936,2.8579689999999998,2.3945,2.8408830000000003,2.8408830000000003,11282.0,78
2021-03-15,2.8411,3.1728560000000003,2.7485470000000003,2.840415,2.840415,9295.0,76
2021-03-16,2.8406119999999997,2.895218,2.750325,2.888831,2.888831,8245.0,71
2021-03-17,2.889043,2.8928700000000003,2.718785,2.8928700000000003,2.8928700000000003,16559.0,71
2021-03-18,2.892562,3.302206,2.6585229999999997,2.913792,2.913792,18160.0,72
2021-03-19,2.913875,4.444477,2.851968,3.2164900000000003,3.2164900000000003,5631.0,71
2021-03-20,3.2170419999999997,3.552054,2.938103,3.1037060000000003,3.1037060000000003,10731.0,75
2021-03-21,3.1037049999999997,3.5483290000000003,3.1036799999999998,3.387369,3.387369,17842.0,73
2021-03-22,3.387443,3.387544,3.1793099999999996,3.1793099999999996,3.1793099999999996,23539.0,70
2021-03-23,3.179252,3.367175,3.1582,3.3248599999999997,3.3248599999999997,1384.0,66
2021-03-24,3.324654,3.9803910000000013,3.3155629999999996,3.5601629999999997,3.5601629999999997,3192.0,65
2021-03-25,3.5601300000000005,3.5710949999999997,3.2137119999999997,3.39,3.39,1965.0,60
2021-03-26,3.390073,3.6987769999999998,3.195402,3.6984879999999998,3.6984879999999998,2166.0,54
2021-03-27,3.698715,3.762732,3.3572050000000004,3.3572050000000004,3.3572050000000004,1063.0,65
2021-03-28,3.3572050000000004,3.3572050000000004,3.218978,3.292075,3.292075,1376.0,74
2021-03-29,3.2923199999999997,3.3099730000000003,3.193552,3.253933,3.253933,443.0,72
2021-03-30,3.254028,3.6471669999999996,3.193362,3.6176690000000002,3.6176690000000002,1609.0,72
2021-03-31,3.617688,3.621157,3.257472,3.2954470000000002,3.2954470000000002,2436.0,76
2021-04-01,3.295122,3.3871599999999997,2.777827,2.868179,2.868179,1142.0,74
2021-04-02,2.8678779999999997,4.190442,2.855259,3.080761,3.080761,1359.0,74
2021-04-03,3.0809450000000003,3.459371,3.063177,3.251998,3.251998,1401.0,73
2021-04-04,3.2519970000000002,3.5435510000000003,3.251982,3.54155,3.54155,7778.0,74
2021-04-05,3.5420300000000005,4.023199,3.433275,4.022677,4.022677,9421.0,71
2021-04-06,4.023176,4.656436,3.577519,4.606414,4.606414,17355.0,75
2021-04-07,4.605596,5.7881849999999995,3.797343,3.845008,3.845008,65820.0,72
2021-04-08,3.8411760000000004,3.970218,3.192316,3.6737830000000002,3.6737830000000002,26672.0,73
2021-04-09,3.674143,4.587897,3.4748330000000003,3.5611669999999997,3.5611669999999997,12336.0,70
2021-04-10,3.561299,4.6245970000000005,3.545695,4.2945459999999995,4.2945459999999995,18852.0,70
2021-04-11,4.294636,4.490132,3.871202,4.126529,4.126529,21506.0,76
2021-04-12,4.125724,4.175923,3.608881,3.6099769999999998,3.6099769999999998,11050.0,74
2021-04-13,3.6085160000000003,4.182988,3.5998370000000004,3.9329989999999997,3.9329989999999997,16479.0,74
2021-04-14,3.930804,4.0501830000000005,3.567096,3.992607,3.992607,19737.0,75
2021-04-15,3.9931050000000003,4.190162,3.348046,3.6697230000000003,3.6697230000000003,21850.0,79
2021-04-16,3.6709410000000013,3.7799449999999997,3.165338,3.521531,3.521531,23199.0,78
2021-04-17,3.51853,4.244333,3.5136870000000004,4.1765940000000015,4.1765940000000015,31978.0,76
2021-04-18,4.176413,4.179958999999998,3.2329950000000003,3.329911,3.329911,18182.0,79
2021-04-19,3.3295779999999997,3.7341050000000013,3.139543,3.194563,3.194563,14838.0,74
2021-04-20,3.1937990000000003,3.7933269999999997,2.969955,3.514379,3.514379,29761.0,73
2021-04-21,3.5164,3.7570040000000002,3.032536,3.281211,3.281211,25610.0,73
2021-04-22,3.2812059999999996,3.371182,2.818699,2.9957689999999997,2.9957689999999997,21266.0,65
2021-04-23,2.994195,3.016687,2.464521,2.921177,2.921177,31610.0,55
2021-04-24,2.921407,3.3744129999999997,2.780129,2.924137,2.924137,24262.0,37
2021-04-25,2.9235740000000003,3.4764190000000004,2.850517,3.1117169999999996,3.1117169999999996,21317.0,31
2021-04-26,3.11197,3.545524,3.03982,3.3774379999999997,3.3774379999999997,40689.0,27
2021-04-27,3.378329,3.519346,2.890516,3.191926,3.191926,30361.0,50
2021-04-28,3.194455,3.272266,3.050041,3.154784,3.154784,31417.0,59
2021-04-29,3.155514,3.160318,2.2727939999999998,2.971009,2.971009,21366.0,52
2021-04-30,2.969977,3.389758,2.949084,3.319897,3.319897,26501.0,51
2021-05-01,3.3186910000000003,3.437734,3.087571,3.316175,3.316175,22425.0,68
2021-05-02,3.316296,3.3439949999999996,3.057362,3.2886059999999997,3.2886059999999997,20507.0,66
2021-05-03,3.28895,3.405726,2.76735,3.230395,3.230395,14094.0,61
2021-05-04,3.231662,3.425657,3.14224,3.163868,3.163868,8037.0,68
2021-05-05,3.164185,3.726048000000002,2.908148,3.726048000000002,3.726048000000002,3607.0,48
2021-05-06,3.726065,4.546273,3.566011,3.7696099999999997,3.7696099999999997,16052.0,65
2021-05-07,3.7694650000000003,3.9487650000000003,2.645424,2.696581,2.696581,37212.0,64
2021-05-08,2.69706,2.787488,1.8255279999999998,2.7302169999999997,2.7302169999999997,184403.0,67
2021-05-09,2.73181,3.103568,2.44243,2.908467,2.908467,58938.0,73
2021-05-10,2.908435,3.4029769999999995,2.851396,3.086675,3.086675,20267.0,72
2021-05-11,3.087278,3.125076,2.5170049999999997,2.750162,2.750162,53753.0,61
2021-05-12,2.7496810000000003,3.0151369999999997,2.322501,2.661343,2.661343,34888.0,68
2021-05-13,2.632529,2.903197,2.536755,2.745736,2.745736,63490.0,31
2021-05-14,2.7452509999999997,2.891143,2.266387,2.8501090000000002,2.8501090000000002,43817.0,26
2021-05-15,2.850433,2.894804,2.631628,2.638071,2.638071,50593.0,27
2021-05-16,2.636574,7.472716,2.25996,7.472716,7.472716,109792.0,20
2021-05-17,7.4689479999999975,7.495981,2.386258,5.487939,5.487939,105520.0,27
2021-05-18,5.509027,5.795803,2.832952,2.912028,2.912028,44802.0,21
2021-05-19,2.9067540000000003,3.015773,2.121137,2.494625,2.494625,44639.0,23
2021-05-20,2.485936,2.872338,2.351036,2.692875,2.692875,39315.0,11
2021-05-21,2.700525,2.866012,1.884971,2.522789,2.522789,95987.0,19
2021-05-22,2.523371,2.689845,2.393655,2.559333,2.559333,110691.0,12
2021-05-23,2.560794,2.66016,1.676143,1.974121,1.974121,52450.0,14
2021-05-24,1.9713900000000002,2.2404319999999998,1.937711,2.1554159999999998,2.1554159999999998,60351.0,10
2021-05-25,2.158137,2.251966,2.0050209999999997,2.127842,2.127842,62208.0,22
2021-05-26,2.132818,2.230115,1.864034,1.950926,1.950926,46198.0,22
2021-05-27,1.949687,2.2714060000000003,1.8088419999999998,2.225631,2.225631,63746.0,27
2021-05-28,2.2258400000000003,3.126862,1.86346,2.70568,2.70568,62388.0,21
2021-05-29,2.708126,2.803693,2.2697,2.3910139999999998,2.3910139999999998,163000.0,18
2021-05-30,2.393241,2.4237029999999997,1.492905,2.333716,2.333716,83660.0,10
2021-05-31,2.334882,2.415963,2.121639,2.256355,2.256355,68050.0,18
