Date,Open,High,Low,Close,Adj Close,Volume,sentiment
2018-02-01,0.006021,0.00609,0.004790999999999999,0.005029,0.005029,18748700.0,30
2018-02-02,0.005023,0.005023,0.00331,0.004475,0.004475,29913700.0,15
2018-02-03,0.004501,0.005495,0.004159,0.005164,0.005164,18018100.0,40
2018-02-04,0.005182,0.0053170000000000005,0.004176,0.004399,0.004399,12961600.0,24
2018-02-05,0.004397,0.00447,0.003376,0.003533,0.003533,12489400.0,11
2018-02-06,0.003544,0.0044210000000000005,0.003036,0.004361,0.004361,19139100.0,8
2018-02-07,0.004314,0.0048,0.003934,0.004297,0.004297,12990100.0,36
2018-02-08,0.004263,0.004872,0.004263,0.004566,0.004566,9462680.0,30
2018-02-09,0.00456,0.005011,0.004313,0.005,0.005,11190100.0,44
2018-02-10,0.004982,0.005441,0.004744,0.004989,0.004989,16717300.0,54
2018-02-11,0.004968,0.005183,0.004606,0.004956,0.004956,11309800.0,31
2018-02-12,0.004964,0.005508,0.004964,0.005472,0.005472,11124300.0,42
2018-02-13,0.005475,0.005678,0.0052710000000000005,0.005638000000000001,0.005638000000000001,14149700.0,35
2018-02-14,0.00563,0.006786,0.00563,0.00673,0.00673,40527400.0,55
2018-02-15,0.006717,0.007948,0.006714,0.007347,0.007347,43275000.0,71
2018-02-16,0.007295,0.007484999999999999,0.006529000000000001,0.007034,0.007034,26553900.0,67
2018-02-17,0.007064,0.007321999999999999,0.006853,0.007049,0.007049,18333100.0,74
2018-02-18,0.007114,0.007144,0.00633,0.006423999999999999,0.006423999999999999,15291500.0,63
2018-02-19,0.006409999999999999,0.006938,0.006340999999999999,0.006697,0.006697,13019200.0,67
2018-02-20,0.006679000000000001,0.008288,0.006399,0.007094,0.007094,107911000.0,74
2018-02-21,0.007087,0.007391,0.0063490000000000005,0.006581,0.006581,36813100.0,54
2018-02-22,0.006568000000000001,0.006869,0.006082,0.006259000000000001,0.006259000000000001,20365500.0,44
2018-02-23,0.006253,0.006949,0.006038,0.006648,0.006648,19390500.0,39
2018-02-24,0.006666,0.0068980000000000005,0.006131,0.006324000000000001,0.006324000000000001,15687300.0,31
2018-02-25,0.006321,0.006411,0.005997,0.006142,0.006142,11758800.0,33
2018-02-26,0.006169,0.006499,0.005961999999999999,0.006339,0.006339,12068600.0,37
2018-02-27,0.006363000000000001,0.006573999999999999,0.00627,0.006291,0.006291,12201900.0,44
2018-02-28,0.00627,0.006451,0.006006,0.006018,0.006018,13227600.0,41
2018-03-01,0.0060420000000000005,0.00632,0.005945000000000001,0.006215,0.006215,15518400.0,38
2018-03-02,0.006174,0.006232,0.005447,0.005482,0.005482,22498100.0,47
2018-03-03,0.005494,0.005756,0.005181,0.005301,0.005301,21545000.0,56
2018-03-04,0.005234,0.005502,0.005164,0.005502,0.005502,12133500.0,44
2018-03-05,0.005462,0.005535,0.005157,0.005218,0.005218,13627700.0,55
2018-03-06,0.005122,0.005136,0.004558,0.00461,0.00461,14766900.0,59
2018-03-07,0.004618,0.004704,0.004011,0.004024,0.004024,17585500.0,37
2018-03-08,0.004015,0.004418,0.003895000000000001,0.004025,0.004025,15499400.0,39
2018-03-09,0.004006,0.004146,0.003618,0.004146,0.004146,13624400.0,37
2018-03-10,0.004137,0.004379,0.00395,0.003973,0.003973,9880540.0,39
2018-03-11,0.003959000000000001,0.00432,0.003843,0.00421,0.00421,9251440.0,40
2018-03-12,0.004207,0.004273,0.003835,0.004032,0.004032,7601500.0,41
2018-03-13,0.00402,0.004234,0.003879,0.00396,0.00396,6006560.0,41
2018-03-14,0.003954,0.004018,0.003423,0.003524,0.003524,7532350.0,40
2018-03-15,0.0035210000000000007,0.003619,0.0032670000000000004,0.003536,0.003536,9316740.0,32
2018-03-16,0.003542,0.003655,0.003441,0.00351,0.00351,6407110.0,33
2018-03-17,0.003505,0.00355,0.003249,0.0032990000000000003,0.0032990000000000003,6231110.0,31
2018-03-18,0.00328,0.00328,0.00279,0.00319,0.00319,9029610.0,29
2018-03-19,0.003199,0.003504,0.003144,0.00344,0.00344,8278910.0,29
2018-03-20,0.0034659999999999995,0.003727,0.0033880000000000004,0.003651,0.003651,6638060.0,37
2018-03-21,0.003651,0.003833,0.003606,0.003659,0.003659,6711100.0,36
2018-03-22,0.003666,0.003726,0.003443,0.0035280000000000008,0.0035280000000000008,5210480.0,36
2018-03-23,0.003533,0.00356,0.003341,0.00356,0.00356,6178530.0,28
2018-03-24,0.003597,0.003727,0.00351,0.00359,0.00359,4461220.0,32
2018-03-25,0.00355,0.003576,0.0034630000000000004,0.003505,0.003505,3476340.0,30
2018-03-26,0.003498,0.003540999999999999,0.003141,0.0032890000000000003,0.0032890000000000003,6061990.0,31
2018-03-27,0.003276,0.003283,0.003108,0.003145,0.003145,5235300.0,24
2018-03-28,0.003134,0.003244,0.003114,0.003141,0.003141,4912220.0,24
2018-03-29,0.003171,0.003177,0.002758,0.002827,0.002827,5630550.0,18
2018-03-30,0.002811,0.00289,0.002648,0.002763,0.002763,5378440.0,12
2018-03-31,0.002752,0.002897,0.002699,0.0028190000000000003,0.0028190000000000003,3505010.0,16
2018-04-01,0.002818,0.002869,0.002595,0.002719,0.002719,3373820.0,16
2018-04-02,0.002731,0.002814,0.002704,0.002797,0.002797,5034000.0,11
2018-04-03,0.002794,0.002993,0.00278,0.00298,0.00298,6618080.0,22
2018-04-04,0.002982,0.003006,0.002717,0.00277,0.00277,5330250.0,22
2018-04-05,0.002785,0.002791,0.002654,0.0027140000000000003,0.0027140000000000003,4829150.0,17
2018-04-06,0.002715,0.0027370000000000003,0.002614,0.00267,0.00267,2848290.0,19
2018-04-07,0.002682,0.002865,0.002669,0.002802,0.002802,3034220.0,20
2018-04-08,0.002786,0.002907,0.002786,0.002843,0.002843,3683180.0,17
2018-04-09,0.002855,0.002929,0.002724,0.002763,0.002763,4827250.0,21
2018-04-10,0.002759,0.003073,0.00274,0.003043,0.003043,10212100.0,18
2018-04-11,0.003039,0.0034990000000000004,0.003013,0.003396,0.003396,25292400.0,20
2018-04-12,0.0033740000000000003,0.003798,0.003255,0.003798,0.003798,13877700.0,18
2018-04-13,0.003782,0.004294,0.00375,0.003995,0.003995,18150400.0,23
2018-04-14,0.003958,0.004218,0.003924,0.00415,0.00415,13585900.0,23
2018-04-15,0.004135,0.004614,0.004135,0.004571,0.004571,11867500.0,23
2018-04-16,0.004588,0.00492,0.004391,0.0045850000000000005,0.0045850000000000005,22272600.0,23
2018-04-17,0.004588,0.004869,0.004515,0.004744,0.004744,17139500.0,26
2018-04-18,0.004712,0.005468,0.004708,0.005412,0.005412,21720200.0,24
2018-04-19,0.005397,0.005824,0.00532,0.005824,0.005824,27012500.0,25
2018-04-20,0.005834000000000001,0.005958,0.005698,0.005893,0.005893,23110700.0,26
2018-04-21,0.005878,0.005887,0.005194,0.005413,0.005413,25007100.0,32
2018-04-22,0.005442,0.005773,0.005328,0.005539,0.005539,18456900.0,31
2018-04-23,0.005545,0.005707,0.0054,0.005482,0.005482,33576300.0,28
2018-04-24,0.005489,0.005908,0.005482,0.0058,0.0058,36637000.0,29
2018-04-25,0.005879,0.005919,0.004947,0.005093,0.005093,38270000.0,64
2018-04-26,0.005128,0.005676,0.004896,0.005627,0.005627,41358700.0,47
2018-04-27,0.005582999999999999,0.005739,0.005296,0.005422,0.005422,38969800.0,55
2018-04-28,0.005364,0.005622,0.005314,0.005357,0.005357,35916600.0,54
2018-04-29,0.00547,0.005558,0.005222,0.005459,0.005459,37883800.0,61
2018-04-30,0.005405,0.005534000000000001,0.005136,0.00521,0.00521,36411800.0,59
2018-05-01,0.005272,0.005272,0.004899000000000001,0.005144,0.005144,11657500.0,56
2018-05-02,0.0051140000000000005,0.005415,0.005041,0.005273,0.005273,49958400.0,52
2018-05-03,0.005334,0.005649,0.005212,0.005640999999999999,0.005640999999999999,50484900.0,55
2018-05-04,0.005533,0.005555,0.005205,0.005268999999999999,0.005268999999999999,14434200.0,56
2018-05-05,0.005267,0.005347,0.005026,0.00518,0.00518,30335800.0,63
2018-05-06,0.005202,0.005259000000000001,0.004725,0.0049700000000000005,0.0049700000000000005,33446900.0,67
2018-05-07,0.004966,0.005017,0.004632,0.004817,0.004817,25891500.0,56
2018-05-08,0.004833,0.0053560000000000005,0.004792,0.005303,0.005303,40660100.0,62
2018-05-09,0.005273,0.005324000000000001,0.004652,0.005093,0.005093,33562300.0,53
2018-05-10,0.004825,0.005296,0.004531,0.00487,0.00487,34878500.0,63
2018-05-11,0.005036,0.005036,0.003997,0.004362,0.004362,27582800.0,41
2018-05-12,0.00445,0.004668,0.003918,0.004473,0.004473,27449400.0,44
2018-05-13,0.004307,0.004622,0.003965,0.004329,0.004329,19823500.0,40
2018-05-14,0.004499,0.0045590000000000006,0.004219,0.00446,0.00446,12399700.0,40
2018-05-15,0.004443,0.004788000000000001,0.004418,0.004515,0.004515,21076900.0,40
2018-05-16,0.0044740000000000005,0.00455,0.00426,0.004385,0.004385,9611630.0,32
2018-05-17,0.004368,0.00448,0.004173,0.004188,0.004188,17314000.0,31
2018-05-18,0.003996,0.004377000000000001,0.003755,0.004017,0.004017,13622000.0,37
2018-05-19,0.004217,0.0044280000000000005,0.004005,0.004286,0.004286,15007400.0,31
2018-05-20,0.00425,0.004476,0.003907,0.004423,0.004423,15909900.0,32
2018-05-21,0.004397,0.004419,0.003947,0.0042710000000000005,0.0042710000000000005,18454500.0,41
2018-05-22,0.004212,0.004281,0.003823,0.003851,0.003851,10205700.0,30
2018-05-23,0.003858,0.004274,0.003435,0.003591,0.003591,14899100.0,26
2018-05-24,0.00359,0.003713,0.003248,0.0034990000000000004,0.0034990000000000004,10460200.0,27
2018-05-25,0.003474,0.003607,0.003376,0.003514,0.003514,10613600.0,25
2018-05-26,0.00355,0.003569,0.0034590000000000003,0.0034630000000000004,0.0034630000000000004,6353660.0,23
2018-05-27,0.003464,0.00348,0.003401,0.0034240000000000004,0.0034240000000000004,3494870.0,19
2018-05-28,0.003433,0.003447,0.003218,0.003226,0.003226,7502800.0,22
2018-05-29,0.003226,0.0034460000000000003,0.003168,0.003437,0.003437,9244550.0,16
2018-05-30,0.003447,0.0035060000000000004,0.003323,0.003354,0.003354,7463910.0,38
2018-05-31,0.003429,0.003513,0.003317,0.0033979999999999995,0.0033979999999999995,8971080.0,25
2018-06-01,0.0034270000000000004,0.003469,0.003336,0.003423,0.003423,5436780.0,24
2018-06-02,0.003418,0.003584000000000001,0.0034,0.003558,0.003558,5918490.0,27
2018-06-03,0.003576,0.00375,0.003545000000000001,0.00369,0.00369,19570200.0,40
2018-06-04,0.003691,0.00376,0.003512,0.003532,0.003532,22162200.0,41
2018-06-05,0.0035380000000000008,0.003722,0.003514,0.003654,0.003654,18819700.0,26
2018-06-06,0.003655,0.0038,0.003573,0.003787,0.003787,21273700.0,42
2018-06-07,0.003748,0.003836,0.003707,0.003732,0.003732,6110720.0,38
2018-06-08,0.003746,0.003784000000000001,0.003633,0.003659,0.003659,6921140.0,40
2018-06-09,0.003658,0.003711,0.003593,0.003593,0.003593,4672910.0,39
2018-06-10,0.003595,0.003595,0.003151,0.003182,0.003182,7439530.0,24
2018-06-11,0.00318,0.003247,0.003102,0.0032340000000000003,0.0032340000000000003,4841840.0,15
2018-06-12,0.003237,0.003273,0.003075,0.003089,0.003089,4965300.0,19
2018-06-13,0.003092,0.003115,0.002778,0.002817,0.002817,11074900.0,19
2018-06-14,0.002816,0.003016,0.002811,0.002944,0.002944,9869880.0,17
2018-06-15,0.0029530000000000003,0.002982,0.002837,0.0029010000000000004,0.0029010000000000004,12125600.0,26
2018-06-16,0.002892,0.002956,0.002829,0.002895,0.002895,6642410.0,22
2018-06-17,0.002906,0.002945,0.002873,0.002873,0.002873,6253640.0,23
2018-06-18,0.002916,0.0030800000000000003,0.002831,0.003027,0.003027,8143520.0,27
2018-06-19,0.003027,0.003074,0.002956,0.003033,0.003033,4460270.0,32
2018-06-20,0.003035,0.003047,0.002944,0.003021,0.003021,3245680.0,34
2018-06-21,0.003021,0.003031,0.002968,0.002988,0.002988,3952000.0,37
2018-06-22,0.002983,0.003004,0.0026,0.002668,0.002668,9291920.0,28
2018-06-23,0.002671,0.0027140000000000003,0.002585,0.002641,0.002641,9938440.0,17
2018-06-24,0.002635,0.002711,0.002331,0.00251,0.00251,9879600.0,15
2018-06-25,0.00249,0.002576,0.002392,0.002485,0.002485,5693670.0,16
2018-06-26,0.002501,0.002577,0.002457,0.002478,0.002478,4070170.0,21
2018-06-27,0.002484,0.002508,0.0023350000000000003,0.002437,0.002437,5765380.0,18
2018-06-28,0.002406,0.002504,0.002333,0.002357,0.002357,3678050.0,20
2018-06-29,0.002409,0.0024920000000000003,0.002293,0.002427,0.002427,3832380.0,16
2018-06-30,0.002435,0.002541,0.002421,0.002499,0.002499,6122900.0,22
2018-07-01,0.002508,0.002554,0.002456,0.002489,0.002489,8435030.0,27
2018-07-02,0.002486,0.002721,0.002429,0.002703,0.002703,5812800.0,27
2018-07-03,0.002699,0.002764,0.002618,0.002638,0.002638,5643560.0,31
2018-07-04,0.002637,0.002724,0.002587,0.00268,0.00268,4781340.0,33
2018-07-05,0.002679,0.002695,0.002578,0.002599,0.002599,3792270.0,37
2018-07-06,0.0026100000000000003,0.002619,0.0025510000000000003,0.002597,0.002597,4306990.0,34
2018-07-07,0.002601,0.002646,0.002547,0.002645,0.002645,4205310.0,34
2018-07-08,0.0026420000000000003,0.002671,0.002573,0.002611,0.002611,5004800.0,38
2018-07-09,0.002612,0.002649,0.002595,0.0026030000000000003,0.0026030000000000003,4233540.0,39
2018-07-10,0.002606,0.002623,0.002242,0.002411,0.002411,6741490.0,37
2018-07-11,0.002406,0.002475,0.002353,0.002425,0.002425,9788650.0,29
2018-07-12,0.002395,0.002425,0.0022440000000000003,0.002306,0.002306,4220800.0,33
2018-07-13,0.002307,0.002356,0.002207,0.002332,0.002332,6191910.0,29
2018-07-14,0.002304,0.002384,0.002187,0.002362,0.002362,4179950.0,29
2018-07-15,0.00237,0.002415,0.00232,0.00238,0.00238,3869860.0,32
2018-07-16,0.002366,0.002869,0.002366,0.002854,0.002854,15576200.0,36
2018-07-17,0.0028120000000000003,0.003261,0.002801,0.003228,0.003228,15429200.0,39
2018-07-18,0.003222,0.004314,0.003189,0.003712,0.003712,39281300.0,42
2018-07-19,0.003683,0.00395,0.003481,0.003844,0.003844,25349600.0,44
2018-07-20,0.003829,0.003836,0.003294,0.0034100000000000003,0.0034100000000000003,18017900.0,47
2018-07-21,0.00345,0.0035310000000000007,0.003217,0.0032700000000000003,0.0032700000000000003,13342900.0,43
2018-07-22,0.003339,0.003582,0.003278,0.003458,0.003458,11356800.0,46
2018-07-23,0.003468,0.003638,0.003419,0.003431,0.003431,8372820.0,44
2018-07-24,0.0034460000000000003,0.003668,0.00339,0.00362,0.00362,10829100.0,49
2018-07-25,0.003592,0.00366,0.0033130000000000004,0.003543,0.003543,13195600.0,54
2018-07-26,0.00353,0.003645,0.003354,0.003393,0.003393,6916450.0,53
2018-07-27,0.0033880000000000004,0.003461,0.0032840000000000005,0.003418,0.003418,5090340.0,47
2018-07-28,0.003408,0.0034700000000000004,0.003389,0.0034,0.0034,3341480.0,54
2018-07-29,0.003414,0.0034770000000000005,0.003286,0.003307,0.003307,5890530.0,54
2018-07-30,0.0033130000000000004,0.0033520000000000004,0.003031,0.003273,0.003273,13732200.0,53
2018-07-31,0.003325,0.003325,0.002857,0.002945,0.002945,14253600.0,48
2018-08-01,0.003018,0.00316,0.002828,0.00316,0.00316,14829700.0,39
2018-08-02,0.0030800000000000003,0.003163,0.002927,0.0029460000000000003,0.0029460000000000003,6942240.0,39
2018-08-03,0.002959,0.0029690000000000003,0.002846,0.002918,0.002918,9546950.0,36
2018-08-04,0.002896,0.002965,0.0027370000000000003,0.002745,0.002745,7980110.0,31
2018-08-05,0.002783,0.002915,0.002733,0.002837,0.002837,11384200.0,23
2018-08-06,0.002872,0.002909,0.00274,0.002779,0.002779,5668670.0,25
2018-08-07,0.002775,0.002827,0.00266,0.002671,0.002671,5725520.0,25
2018-08-08,0.002669,0.002669,0.002396,0.002415,0.002415,4879040.0,23
2018-08-09,0.002408,0.002593,0.002381,0.002555,0.002555,7374010.0,19
2018-08-10,0.002554,0.002609,0.002365,0.002392,0.002392,4693290.0,21
2018-08-11,0.00238,0.00246,0.002345,0.002404,0.002404,5083850.0,18
2018-08-12,0.002396,0.00244,0.00236,0.002404,0.002404,3433940.0,18
2018-08-13,0.002407,0.002451,0.002285,0.002331,0.002331,4981090.0,21
2018-08-14,0.00232,0.002325,0.002143,0.0022600000000000003,0.0022600000000000003,7512400.0,16
2018-08-15,0.002256,0.002412,0.002248,0.002303,0.002303,5379460.0,18
2018-08-16,0.002299,0.00237,0.002227,0.002292,0.002292,5860370.0,21
2018-08-17,0.002316,0.002478,0.002285,0.002455,0.002455,5233940.0,19
2018-08-18,0.002477,0.002499,0.002368,0.0023940000000000003,0.0023940000000000003,6738940.0,24
2018-08-19,0.002413,0.002473,0.002366,0.002473,0.002473,2665100.0,27
2018-08-20,0.002464,0.002485,0.00236,0.002369,0.002369,2424120.0,26
2018-08-21,0.002364,0.002431,0.002362,0.002424,0.002424,2134170.0,19
2018-08-22,0.002423,0.002517,0.0023120000000000003,0.002315,0.002315,5962320.0,21
2018-08-23,0.002315,0.002397,0.002313,0.002385,0.002385,2596260.0,18
2018-08-24,0.002391,0.002436,0.002354,0.002426,0.002426,3251910.0,19
2018-08-25,0.002423,0.002439,0.002355,0.00237,0.00237,4028740.0,22
2018-08-26,0.002368,0.002413,0.002288,0.002404,0.002404,2912230.0,19
2018-08-27,0.002404,0.002468,0.002387,0.002462,0.002462,3618660.0,18
2018-08-28,0.002475,0.002619,0.002451,0.002607,0.002607,5215460.0,19
2018-08-29,0.002607,0.00262,0.002516,0.002606,0.002606,4588400.0,19
2018-08-30,0.002598,0.003269,0.002596,0.003206,0.003206,33967500.0,22
2018-08-31,0.003216,0.004849,0.003213,0.004794,0.004794,77150500.0,17
2018-09-01,0.004741,0.006753,0.004337,0.006278,0.006278,193826000.0,21
2018-09-02,0.0063100000000000005,0.006554000000000001,0.004548,0.004999,0.004999,139429000.0,18
2018-09-03,0.005026,0.00555,0.004985,0.005266,0.005266,57158800.0,19
2018-09-04,0.005279,0.005323,0.005055,0.005268999999999999,0.005268999999999999,32495100.0,26
2018-09-05,0.005259000000000001,0.005394,0.004809000000000001,0.0049310000000000005,0.0049310000000000005,50536000.0,17
2018-09-06,0.004926,0.005092,0.004665,0.0050100000000000006,0.0050100000000000006,32481300.0,14
2018-09-07,0.004996,0.005442,0.004996,0.005307,0.005307,37618700.0,17
2018-09-08,0.005298,0.005858,0.005298,0.005692,0.005692,48248300.0,18
2018-09-09,0.00571,0.005843,0.0057020000000000005,0.005829,0.005829,32572000.0,13
2018-09-10,0.00584,0.006933,0.00584,0.0068920000000000006,0.0068920000000000006,76891600.0,15
2018-09-11,0.0069310000000000005,0.0069310000000000005,0.005953,0.006329,0.006329,89882900.0,18
2018-09-12,0.006325,0.006456999999999999,0.006193,0.006455,0.006455,59824100.0,14
2018-09-13,0.006468000000000001,0.006609,0.006409999999999999,0.006554000000000001,0.006554000000000001,45785700.0,20
2018-09-14,0.006558,0.006658,0.006095000000000001,0.00618,0.00618,41910000.0,23
2018-09-15,0.006187,0.006267,0.0061340000000000006,0.006165,0.006165,16956400.0,24
2018-09-16,0.006191,0.006531,0.006141,0.006531,0.006531,21598600.0,28
2018-09-17,0.006540000000000001,0.006547,0.006156,0.006243,0.006243,26385900.0,25
2018-09-18,0.006231,0.00628,0.005789,0.005981,0.005981,39689500.0,21
2018-09-19,0.005984000000000001,0.006031,0.00536,0.005609,0.005609,38645300.0,24
2018-09-20,0.005605,0.0059,0.005605,0.005695,0.005695,25354400.0,24
2018-09-21,0.005695,0.005961,0.005553,0.005684000000000001,0.005684000000000001,22345300.0,31
2018-09-22,0.005682,0.005817,0.005604,0.005758,0.005758,14917600.0,35
2018-09-23,0.005765,0.005907,0.005736,0.005901,0.005901,12445100.0,38
2018-09-24,0.005904,0.006067,0.005659,0.005677000000000001,0.005677000000000001,17243600.0,43
2018-09-25,0.005679999999999999,0.005794,0.005587,0.005686,0.005686,17598700.0,37
2018-09-26,0.005692,0.005753,0.005662,0.005695,0.005695,11673600.0,37
2018-09-27,0.0057020000000000005,0.00591,0.005693,0.005879,0.005879,15096200.0,42
2018-09-28,0.005864,0.005965,0.005783,0.005831,0.005831,14461600.0,42
2018-09-29,0.005832,0.005898,0.005765,0.005865,0.005865,15626800.0,37
2018-09-30,0.005867,0.00591,0.005828,0.005906000000000001,0.005906000000000001,13396600.0,34
2018-10-01,0.005901,0.006024,0.005881,0.005942,0.005942,20096400.0,35
2018-10-02,0.005927,0.005964,0.005789,0.005824,0.005824,15357200.0,33
2018-10-03,0.0058130000000000005,0.005826,0.005655,0.005704,0.005704,15933900.0,36
2018-10-04,0.005712,0.005767,0.005576,0.005645000000000001,0.005645000000000001,14529600.0,29
2018-10-05,0.005647,0.005744,0.005625,0.005669,0.005669,12566200.0,37
2018-10-06,0.005686,0.00577,0.005483,0.005545,0.005545,13055500.0,34
2018-10-07,0.005559000000000001,0.005575,0.005512,0.005562,0.005562,7755690.0,29
2018-10-08,0.005573,0.005652,0.00555,0.0055780000000000005,0.0055780000000000005,12177400.0,26
2018-10-09,0.005594,0.005639,0.005574,0.005635,0.005635,8996090.0,31
2018-10-10,0.005628,0.005647999999999999,0.005531,0.0055520000000000005,0.0055520000000000005,10274400.0,28
2018-10-11,0.005547,0.005547,0.004901,0.005,0.005,18770800.0,19
2018-10-12,0.004982,0.005283,0.004957,0.005247,0.005247,9635600.0,13
2018-10-13,0.0052450000000000005,0.005272,0.005163,0.005182,0.005182,8095130.0,15
2018-10-14,0.005174,0.005222999999999999,0.005145,0.005158,0.005158,7930760.0,18
2018-10-15,0.0051530000000000005,0.005457,0.005124,0.005218,0.005218,18579800.0,20
2018-10-16,0.005222,0.005222,0.004966,0.005017,0.005017,11794600.0,24
2018-10-17,0.0050100000000000006,0.005025,0.004493,0.004599,0.004599,24144600.0,23
2018-10-18,0.004605,0.004729,0.004336,0.004386,0.004386,22842600.0,26
2018-10-19,0.004389,0.004566,0.004273,0.00447,0.00447,17274700.0,24
2018-10-20,0.004501,0.004558,0.004443,0.004551,0.004551,7574780.0,21
2018-10-21,0.0045520000000000005,0.004602,0.004509,0.004517,0.004517,7521080.0,21
2018-10-22,0.004508,0.004535,0.004357,0.004366,0.004366,10602500.0,27
2018-10-23,0.004372999999999999,0.004401,0.004136,0.004172,0.004172,12913100.0,24
2018-10-24,0.004162,0.004163,0.003859000000000001,0.003911,0.003911,17832300.0,23
2018-10-25,0.003912,0.003921,0.003676,0.003717,0.003717,12336100.0,25
2018-10-26,0.003703,0.0039840000000000006,0.003703,0.0039840000000000006,0.0039840000000000006,16214900.0,29
2018-10-27,0.004011,0.004256,0.004011,0.004195,0.004195,23286000.0,33
2018-10-28,0.004188,0.004188,0.004035,0.004063000000000001,0.004063000000000001,11694700.0,35
2018-10-29,0.004048,0.004064,0.003835,0.003847,0.003847,14051900.0,34
2018-10-30,0.003857,0.003908,0.003819,0.00385,0.00385,11828900.0,31
2018-10-31,0.003835,0.003873,0.00369,0.003764,0.003764,14273900.0,32
2018-11-01,0.003759,0.003951,0.003753,0.003777,0.003777,10034100.0,29
2018-11-02,0.003778,0.00381,0.003745000000000001,0.003773,0.003773,11323400.0,36
2018-11-03,0.003776,0.003786,0.00373,0.003733,0.003733,7815160.0,36
2018-11-04,0.003749,0.003788,0.003676,0.003676,0.003676,8992540.0,41
2018-11-05,0.003664,0.003744,0.003616,0.003622,0.003622,11645300.0,42
2018-11-06,0.003632,0.003732,0.003616,0.003696,0.003696,15554100.0,42
2018-11-07,0.003698,0.003719,0.003625,0.003637,0.003637,10603600.0,48
2018-11-08,0.003637,0.00366,0.003377,0.0033840000000000003,0.0033840000000000003,13533900.0,51
2018-11-09,0.003369,0.003373,0.003095,0.00314,0.00314,18644000.0,47
2018-11-10,0.003135,0.003347,0.003092,0.003285,0.003285,15996900.0,52
2018-11-11,0.003278,0.003286,0.0031420000000000003,0.0031620000000000003,0.0031620000000000003,8201330.0,54
2018-11-12,0.003164,0.003173,0.003039,0.003064,0.003064,10401200.0,52
2018-11-13,0.003066,0.003087,0.002943,0.002945,0.002945,7309800.0,56
2018-11-14,0.002947,0.002954,0.002612,0.002695,0.002695,15358000.0,49
2018-11-15,0.002703,0.002816,0.002511,0.0028,0.0028,22776600.0,28
2018-11-16,0.002803,0.0028190000000000003,0.002667,0.002746,0.002746,24758900.0,23
2018-11-17,0.002746,0.002771,0.002563,0.002595,0.002595,18533300.0,24
2018-11-18,0.002597,0.002645,0.002575,0.002643,0.002643,11556400.0,26
2018-11-19,0.002641,0.002717,0.002415,0.002418,0.002418,16481100.0,28
2018-11-20,0.002414,0.002437,0.002184,0.002254,0.002254,20588800.0,21
2018-11-21,0.002266,0.0025050000000000003,0.002174,0.002448,0.002448,28366700.0,15
2018-11-22,0.002454,0.002481,0.002344,0.002412,0.002412,13264200.0,14
2018-11-23,0.002408,0.002419,0.00229,0.002361,0.002361,11322000.0,12
2018-11-24,0.002364,0.00239,0.002194,0.002224,0.002224,11318100.0,15
2018-11-25,0.00223,0.002262,0.002073,0.00222,0.00222,11793900.0,9
2018-11-26,0.002218,0.002254,0.00204,0.002099,0.002099,11991200.0,17
2018-11-27,0.002095,0.002106,0.002006,0.0020870000000000003,0.0020870000000000003,11737900.0,11
2018-11-28,0.002089,0.002302,0.002083,0.002246,0.002246,14675800.0,14
2018-11-29,0.002251,0.002277,0.002186,0.002241,0.002241,12848617.0,18
2018-11-30,0.00224,0.002255,0.00213,0.002165,0.002165,11289729.0,19
2018-12-01,0.002175,0.002279,0.002155,0.00225,0.00225,9596327.0,13
2018-12-02,0.002252,0.002271,0.002216,0.002246,0.002246,9346514.0,15
2018-12-03,0.002247,0.002386,0.002144,0.0023710000000000003,0.0023710000000000003,12481724.0,17
2018-12-04,0.00237,0.002379,0.002171,0.002196,0.002196,17851389.0,12
2018-12-05,0.002194,0.002258,0.002143,0.00218,0.00218,20634689.0,19
2018-12-06,0.002178,0.002227,0.002097,0.002097,0.002097,24766152.0,13
2018-12-07,0.002104,0.002139,0.002031,0.002104,0.002104,27761895.0,11
2018-12-08,0.002096,0.002157,0.002068,0.00212,0.00212,18741868.0,11
2018-12-09,0.002113,0.002144,0.002089,0.002102,0.002102,16961970.0,14
2018-12-10,0.002098,0.002119,0.002074,0.0021,0.0021,15898038.0,19
2018-12-11,0.002097,0.002101,0.002065,0.002088,0.002088,16096640.0,15
2018-12-12,0.002089,0.002137,0.002077,0.002111,0.002111,18564007.0,14
2018-12-13,0.002118,0.002119,0.002045,0.002065,0.002065,17660417.0,14
2018-12-14,0.0020670000000000003,0.002085,0.002056,0.00207,0.00207,16163454.0,10
2018-12-15,0.00207,0.002121,0.002063,0.002113,0.002113,13579048.0,11
2018-12-16,0.002106,0.002145,0.002101,0.002125,0.002125,16084725.0,13
2018-12-17,0.002125,0.002716,0.002119,0.002533,0.002533,38633067.0,17
2018-12-18,0.002536,0.00269,0.002471,0.002684,0.002684,39838880.0,23
2018-12-19,0.002674,0.002771,0.002562,0.00272,0.00272,29874095.0,21
2018-12-20,0.002707,0.002779,0.0026100000000000003,0.002731,0.002731,23713034.0,27
2018-12-21,0.002722,0.002745,0.00251,0.002545,0.002545,22399777.0,35
2018-12-22,0.002539,0.002561,0.002416,0.002502,0.002502,18456616.0,28
2018-12-23,0.002502,0.002589,0.0025,0.002542,0.002542,20041491.0,31
2018-12-24,0.00255,0.002638,0.00254,0.00254,0.00254,24536966.0,25
2018-12-25,0.002555,0.002555,0.002318,0.002404,0.002404,19340547.0,33
2018-12-26,0.002402,0.002496,0.0023940000000000003,0.002474,0.002474,17477619.0,26
2018-12-27,0.002477,0.002486,0.002364,0.002364,0.002364,19224932.0,29
2018-12-28,0.002362,0.002447,0.002304,0.002434,0.002434,19439895.0,21
2018-12-29,0.002439,0.0024460000000000003,0.002388,0.002403,0.002403,16985015.0,24
2018-12-30,0.00238,0.002402,0.002341,0.002367,0.002367,16846019.0,23
2018-12-31,0.00237,0.002395,0.002325,0.002346,0.002346,18724788.0,26
2019-01-01,0.002346,0.002392,0.002322,0.002392,0.002392,17364744.0,24
2019-01-02,0.002388,0.002458,0.002372,0.002407,0.002407,18015392.0,30
2019-01-03,0.002404,0.002414,0.002356,0.00236,0.00236,17619234.0,33
2019-01-04,0.002364,0.002397,0.002274,0.002315,0.002315,19530100.0,48
2019-01-05,0.00232,0.00235,0.00228,0.0023190000000000003,0.0023190000000000003,17148586.0,36
2019-01-06,0.002313,0.0023710000000000003,0.002291,0.002328,0.002328,18175111.0,31
2019-01-07,0.002328,0.0023350000000000003,0.002275,0.002285,0.002285,15899004.0,39
2019-01-08,0.002298,0.002321,0.002261,0.002276,0.002276,20994417.0,39
2019-01-09,0.002278,0.002307,0.002255,0.002266,0.002266,17010797.0,42
2019-01-10,0.002263,0.002295,0.002085,0.002132,0.002132,21174109.0,37
2019-01-11,0.002129,0.002149,0.002105,0.002129,0.002129,17187243.0,19
2019-01-12,0.00213,0.002158,0.002115,0.002148,0.002148,14167258.0,22
2019-01-13,0.002137,0.002171,0.002083,0.002094,0.002094,18059306.0,21
2019-01-14,0.002102,0.002198,0.002097,0.002183,0.002183,18534843.0,16
2019-01-15,0.002178,0.002188,0.002098,0.002111,0.002111,15986348.0,27
2019-01-16,0.002108,0.002141,0.002084,0.002138,0.002138,13656181.0,24
2019-01-17,0.002133,0.002147,0.0020800000000000003,0.002094,0.002094,13882217.0,28
2019-01-18,0.002093,0.002117,0.002084,0.002106,0.002106,12471672.0,29
2019-01-19,0.002104,0.00216,0.002089,0.002153,0.002153,16088820.0,31
2019-01-20,0.002153,0.002153,0.002082,0.002119,0.002119,16178008.0,35
2019-01-21,0.002106,0.002122,0.002066,0.002101,0.002101,17205921.0,30
2019-01-22,0.002099,0.002112,0.002033,0.002057,0.002057,18971837.0,27
2019-01-23,0.002055,0.002068,0.002021,0.002043,0.002043,15672115.0,33
2019-01-24,0.002045,0.002073,0.002013,0.002039,0.002039,15825805.0,37
2019-01-25,0.002057,0.002183,0.002027,0.002118,0.002118,15953121.0,35
2019-01-26,0.002094,0.002152,0.00203,0.002083,0.002083,15588079.0,41
2019-01-27,0.002082,0.002096,0.002009,0.002027,0.002027,16233338.0,39
2019-01-28,0.002026,0.0020280000000000003,0.001927,0.001944,0.001944,16265136.0,35
2019-01-29,0.001947,0.00197,0.001917,0.001927,0.001927,14809844.0,21
2019-01-30,0.001925,0.00197,0.001914,0.001961,0.001961,11813018.0,22
2019-01-31,0.001963,0.001987,0.001912,0.001925,0.001925,13824059.0,17
2019-02-01,0.001926,0.001928,0.001893,0.001916,0.001916,17411751.0,23
2019-02-02,0.001914,0.001956,0.001896,0.001936,0.001936,13184663.0,22
2019-02-03,0.001932,0.001957,0.00189,0.001904,0.001904,15354409.0,19
2019-02-04,0.001904,0.001932,0.001877,0.001896,0.001896,13169126.0,27
2019-02-05,0.001899,0.001913,0.00188,0.001888,0.001888,13983316.0,21
2019-02-06,0.001886,0.001902,0.001837,0.001866,0.001866,15246340.0,14
2019-02-07,0.001869,0.00189,0.001839,0.001845,0.001845,14228248.0,18
2019-02-08,0.001847,0.001957,0.001835,0.001956,0.001956,17956052.0,37
2019-02-09,0.001952,0.001996,0.001923,0.001949,0.001949,14455529.0,42
2019-02-10,0.0019510000000000005,0.001953,0.001912,0.001946,0.001946,15828371.0,40
2019-02-11,0.001946,0.001946,0.001899,0.001906,0.001906,15220889.0,46
2019-02-12,0.001904,0.001911,0.001873,0.001894,0.001894,16971098.0,38
2019-02-13,0.001894,0.00191,0.001885,0.001893,0.001893,15440451.0,48
2019-02-14,0.001891,0.001909,0.001885,0.001897,0.001897,16879422.0,48
2019-02-15,0.001896,0.001915,0.001889,0.001908,0.001908,14754160.0,43
2019-02-16,0.001907,0.001929,0.001895,0.001924,0.001924,14351257.0,43
2019-02-17,0.001923,0.001993,0.001915,0.0019920000000000003,0.0019920000000000003,19208659.0,38
2019-02-18,0.001993,0.002124,0.001993,0.002114,0.002114,26457493.0,63
2019-02-19,0.002116,0.002139,0.002056,0.0020670000000000003,0.0020670000000000003,26883836.0,65
2019-02-20,0.002065,0.002081,0.002044,0.002079,0.002079,20976083.0,59
2019-02-21,0.002066,0.002078,0.002022,0.0020280000000000003,0.0020280000000000003,18308575.0,59
2019-02-22,0.00203,0.002071,0.002024,0.002056,0.002056,19850028.0,61
2019-02-23,0.002055,0.002111,0.002034,0.002083,0.002083,20487004.0,63
2019-02-24,0.002088,0.002125,0.001955,0.001974,0.001974,25171947.0,69
2019-02-25,0.001973,0.002045,0.00193,0.00203,0.00203,20965852.0,47
2019-02-26,0.002029,0.00205,0.0019920000000000003,0.002023,0.002023,19292966.0,40
2019-02-27,0.002024,0.002033,0.001954,0.002019,0.002019,19512740.0,39
2019-02-28,0.002018,0.002024,0.001968,0.0019760000000000003,0.0019760000000000003,18191276.0,39
2019-03-01,0.0019760000000000003,0.00202,0.0019760000000000003,0.001994,0.001994,18777567.0,42
2019-03-02,0.0019920000000000003,0.002013,0.00198,0.002003,0.002003,17330550.0,41
2019-03-03,0.002002,0.002024,0.001991,0.001999,0.001999,15753983.0,44
2019-03-04,0.002004,0.002011,0.001968,0.001982,0.001982,16744533.0,36
2019-03-05,0.001981,0.002003,0.001961,0.001985,0.001985,19420739.0,35
2019-03-06,0.001985,0.0019920000000000003,0.001967,0.001983,0.001983,17375079.0,42
2019-03-07,0.001982,0.002015,0.001966,0.001991,0.001991,17976088.0,56
2019-03-08,0.0019920000000000003,0.001998,0.001968,0.00198,0.00198,17551404.0,54
2019-03-09,0.001982,0.002015,0.001972,0.001998,0.001998,17348833.0,55
2019-03-10,0.002,0.002004,0.001979,0.001999,0.001999,14597178.0,55
2019-03-11,0.002001,0.002006,0.001947,0.001966,0.001966,20212258.0,56
2019-03-12,0.0019690000000000003,0.00203,0.00195,0.002012,0.002012,20817165.0,56
2019-03-13,0.002015,0.002053,0.0020050000000000003,0.002025,0.002025,17366462.0,54
2019-03-14,0.002022,0.002044,0.002009,0.002039,0.002039,12675418.0,55
2019-03-15,0.002041,0.002058,0.002015,0.002048,0.002048,14469793.0,55
2019-03-16,0.002047,0.002099,0.00204,0.002077,0.002077,17262660.0,54
2019-03-17,0.002081,0.00209,0.002057,0.002081,0.002081,17683010.0,58
2019-03-18,0.002076,0.002094,0.002063,0.002083,0.002083,21958793.0,56
2019-03-19,0.002083,0.002106,0.002073,0.002091,0.002091,20549162.0,56
2019-03-20,0.002084,0.002092,0.002054,0.002061,0.002061,17912276.0,55
2019-03-21,0.002065,0.002074,0.00204,0.002054,0.002054,18961937.0,62
2019-03-22,0.0020510000000000003,0.002074,0.002045,0.002052,0.002052,17243548.0,56
2019-03-23,0.002057,0.0020800000000000003,0.002047,0.002064,0.002064,15724762.0,50
2019-03-24,0.002062,0.0020800000000000003,0.002026,0.002054,0.002054,16541721.0,44
2019-03-25,0.002058,0.002066,0.002026,0.002043,0.002043,17555818.0,46
2019-03-26,0.002041,0.002061,0.002026,0.002054,0.002054,19354498.0,43
2019-03-27,0.00205,0.002089,0.002042,0.002085,0.002085,23194502.0,44
2019-03-28,0.0020870000000000003,0.002092,0.00206,0.002074,0.002074,20558761.0,49
2019-03-29,0.002076,0.002102,0.002056,0.0020870000000000003,0.0020870000000000003,21582049.0,50
2019-03-30,0.002091,0.002166,0.002065,0.0020800000000000003,0.0020800000000000003,19212788.0,57
2019-03-31,0.002081,0.0021,0.00207,0.0020800000000000003,0.0020800000000000003,18785300.0,56
2019-04-01,0.002082,0.002532,0.002078,0.002461,0.002461,49116894.0,62
2019-04-02,0.002459,0.002863,0.0023940000000000003,0.002795,0.002795,60298362.0,60
2019-04-03,0.002777,0.003656,0.002771,0.003164,0.003164,89863287.0,71
2019-04-04,0.003158,0.004096,0.003134,0.003697,0.003697,164634741.0,61
2019-04-05,0.003679,0.003755,0.003409,0.00359,0.00359,63331136.0,59
2019-04-06,0.003594,0.003594,0.003415,0.003439,0.003439,46343810.0,65
2019-04-07,0.00344,0.003517,0.003256,0.003418,0.003418,50224984.0,69
2019-04-08,0.003428,0.003437,0.003012,0.003045,0.003045,62195173.0,65
2019-04-09,0.0030440000000000003,0.00307,0.0028120000000000003,0.002884,0.002884,53210703.0,64
2019-04-10,0.002881,0.0030800000000000003,0.002872,0.003021,0.003021,50718761.0,62
2019-04-11,0.003019,0.003031,0.002738,0.002789,0.002789,45881209.0,65
2019-04-12,0.002791,0.002873,0.002725,0.002856,0.002856,42878877.0,42
2019-04-13,0.002852,0.002906,0.00282,0.002872,0.002872,34870866.0,62
2019-04-14,0.002873,0.002903,0.002837,0.002882,0.002882,30693264.0,51
2019-04-15,0.002884,0.0029230000000000003,0.002743,0.00279,0.00279,36669437.0,60
2019-04-16,0.00279,0.002856,0.002738,0.0028350000000000003,0.0028350000000000003,31946320.0,50
2019-04-17,0.002837,0.002861,0.002759,0.00281,0.00281,32027922.0,61
2019-04-18,0.002816,0.002958,0.002806,0.0029460000000000003,0.0029460000000000003,42590190.0,64
2019-04-19,0.002945,0.002948,0.002875,0.002893,0.002893,36059338.0,61
2019-04-20,0.002892,0.002903,0.00286,0.002902,0.002902,35542377.0,62
2019-04-21,0.0029,0.002906,0.002724,0.0027600000000000003,0.0027600000000000003,37077986.0,62
2019-04-22,0.002758,0.002824,0.002726,0.002798,0.002798,36334621.0,61
2019-04-23,0.002804,0.002856,0.0027670000000000004,0.002772,0.002772,37261547.0,68
2019-04-24,0.002775,0.002779,0.002549,0.002599,0.002599,43229277.0,65
2019-04-25,0.002595,0.00262,0.00249,0.002506,0.002506,33422071.0,58
2019-04-26,0.002499,0.002526,0.0024530000000000003,0.002519,0.002519,33070494.0,41
2019-04-27,0.002515,0.002545,0.002489,0.002516,0.002516,27194224.0,42
2019-04-28,0.00252,0.002563,0.002502,0.002531,0.002531,25600272.0,40
2019-04-29,0.002527,0.0025510000000000003,0.002443,0.002466,0.002466,32974056.0,42
2019-04-30,0.0024690000000000003,0.002519,0.002443,0.002513,0.002513,34753261.0,42
2019-05-01,0.00251,0.0025510000000000003,0.002477,0.002521,0.002521,30316782.0,51
2019-05-02,0.002525,0.002656,0.002516,0.002611,0.002611,34506272.0,50
2019-05-03,0.0026100000000000003,0.002753,0.002595,0.002721,0.002721,40969776.0,63
2019-05-04,0.002698,0.002783,0.002608,0.00268,0.00268,39814872.0,66
2019-05-05,0.002709,0.002709,0.002622,0.002653,0.002653,33161934.0,67
2019-05-06,0.002633,0.002661,0.002515,0.002542,0.002542,37020800.0,57
2019-05-07,0.0025440000000000003,0.002632,0.002536,0.002536,0.002536,38143865.0,69
2019-05-08,0.002534,0.002572,0.0025050000000000003,0.002537,0.002537,32200704.0,63
2019-05-09,0.002536,0.002554,0.002467,0.0025,0.0025,30720237.0,69
2019-05-10,0.002503,0.002559,0.002449,0.002522,0.002522,32480633.0,71
2019-05-11,0.002515,0.002799,0.002513,0.002754,0.002754,48521874.0,76
2019-05-12,0.002757,0.00282,0.002612,0.002665,0.002665,44577097.0,75
2019-05-13,0.002663,0.002823,0.002649,0.002756,0.002756,47011255.0,78
2019-05-14,0.002758,0.003199,0.002747,0.003068,0.003068,58434920.0,78
2019-05-15,0.003073,0.003317,0.003052,0.003308,0.003308,57673254.0,77
2019-05-16,0.00331,0.0035210000000000007,0.003114,0.003168,0.003168,68128483.0,75
2019-05-17,0.003169,0.003186,0.002831,0.002962,0.002962,66495399.0,65
2019-05-18,0.002966,0.003054,0.002897,0.003005,0.003005,54849676.0,67
2019-05-19,0.003011,0.003195,0.003,0.0031780000000000003,0.0031780000000000003,63883932.0,70
2019-05-20,0.003179,0.003186,0.002933,0.003041,0.003041,56440462.0,73
2019-05-21,0.003042,0.003112,0.002968,0.003086,0.003086,54845691.0,68
2019-05-22,0.003082,0.003091,0.002912,0.002939,0.002939,60016531.0,69
2019-05-23,0.002937,0.00298,0.002795,0.002961,0.002961,55428477.0,65
2019-05-24,0.00296,0.003022,0.002932,0.002995,0.002995,61767497.0,64
2019-05-25,0.002996,0.003011,0.002958,0.002991,0.002991,58214409.0,69
2019-05-26,0.002987,0.003115,0.002935,0.003092,0.003092,68909916.0,67
2019-05-27,0.003099,0.003207,0.003086,0.003141,0.003141,76858482.0,70
2019-05-28,0.0031420000000000003,0.003168,0.003071,0.003148,0.003148,67850692.0,71
2019-05-29,0.003149,0.003151,0.003083,0.003127,0.003127,74244761.0,71
2019-05-30,0.003125,0.0036,0.0031100000000000004,0.003258,0.003258,97252491.0,73
2019-05-31,0.003256,0.003443,0.003172,0.003441,0.003441,85204091.0,61
2019-06-01,0.003443,0.00352,0.00336,0.003419,0.003419,85093279.0,62
2019-06-02,0.003426,0.003448,0.0033420000000000004,0.0033979999999999995,0.0033979999999999995,74315769.0,63
2019-06-03,0.003397,0.0034100000000000003,0.003194,0.003198,0.003198,76817043.0,66
2019-06-04,0.003213,0.003213,0.002986,0.003042,0.003042,77725735.0,42
2019-06-05,0.003039,0.003098,0.00298,0.00307,0.00307,72561329.0,27
2019-06-06,0.003072,0.003124,0.003005,0.003087,0.003087,71608123.0,34
2019-06-07,0.003088,0.003195,0.003059,0.0031100000000000004,0.0031100000000000004,71288069.0,27
2019-06-08,0.003115,0.003191,0.003017,0.003084,0.003084,69699426.0,62
2019-06-09,0.003077,0.003218,0.002978,0.003012,0.003012,69438950.0,62
2019-06-10,0.003014,0.003135,0.0029920000000000003,0.003091,0.003091,69822843.0,46
2019-06-11,0.00309,0.003143,0.002998,0.003058,0.003058,65070888.0,61
2019-06-12,0.003061,0.003094,0.003019,0.0030670000000000003,0.0030670000000000003,69543166.0,60
2019-06-13,0.003063,0.003168,0.00303,0.003074,0.003074,66973694.0,63
2019-06-14,0.003075,0.0031420000000000003,0.003037,0.003124,0.003124,59252853.0,67
2019-06-15,0.003135,0.003204,0.003097,0.003157,0.003157,63436423.0,75
2019-06-16,0.003145,0.003336,0.003135,0.003186,0.003186,68789112.0,80
2019-06-17,0.003188,0.003225,0.003125,0.00319,0.00319,60386666.0,84
2019-06-18,0.003193,0.003199,0.0031100000000000004,0.003125,0.003125,54908991.0,83
2019-06-19,0.003123,0.003154,0.003097,0.00313,0.00313,35562598.0,82
2019-06-20,0.003143,0.003204,0.003095,0.003161,0.003161,36102126.0,81
2019-06-21,0.003167,0.003251,0.003128,0.003223,0.003223,42423841.0,84
2019-06-22,0.003229,0.003354,0.0031850000000000003,0.003279,0.003279,57373528.0,83
2019-06-23,0.003285,0.003496,0.00325,0.003304,0.003304,44229340.0,84
2019-06-24,0.003314,0.003431,0.0032340000000000003,0.003368,0.003368,42747865.0,80
2019-06-25,0.003367,0.0033950000000000004,0.0032700000000000003,0.003392,0.003392,41001826.0,87
2019-06-26,0.0033909999999999995,0.00345,0.003252,0.003379,0.003379,64528905.0,95
2019-06-27,0.00339,0.0034950000000000003,0.00299,0.003329,0.003329,76165577.0,92
2019-06-28,0.003332,0.003523,0.003315,0.00349,0.00349,65310778.0,62
2019-06-29,0.003479,0.003486,0.003314,0.003405,0.003405,46594481.0,74
2019-06-30,0.003418,0.0034460000000000003,0.003247,0.003258,0.003258,43549174.0,78
2019-07-01,0.00325,0.003325,0.003093,0.0032380000000000004,0.0032380000000000004,42771993.0,65
2019-07-02,0.003237,0.00336,0.0030800000000000003,0.003204,0.003204,41581109.0,63
2019-07-03,0.003207,0.003336,0.003172,0.0033130000000000004,0.0033130000000000004,37586127.0,79
2019-07-04,0.003314,0.003357,0.003131,0.003229,0.003229,36433330.0,76
2019-07-05,0.003226,0.004471,0.00313,0.003867,0.003867,187924151.0,67
2019-07-06,0.003872,0.003968,0.0034700000000000004,0.003547,0.003547,65031784.0,72
2019-07-07,0.003553,0.003658,0.0034950000000000003,0.003633,0.003633,44379649.0,67
2019-07-08,0.003635,0.003644,0.003513,0.003559000000000001,0.003559000000000001,41682712.0,74
2019-07-09,0.003556,0.003615,0.0034590000000000003,0.003549,0.003549,42613827.0,84
2019-07-10,0.003551,0.0036,0.003364,0.0034240000000000004,0.0034240000000000004,49078577.0,83
2019-07-11,0.0034170000000000003,0.003426,0.003189,0.003243,0.003243,43609123.0,62
2019-07-12,0.0032409999999999995,0.003368,0.003207,0.00334,0.00334,35428239.0,33
2019-07-13,0.003343,0.003351,0.003174,0.003249,0.003249,27243201.0,65
2019-07-14,0.00325,0.003259,0.00301,0.003014,0.003014,36339861.0,61
2019-07-15,0.00302,0.003133,0.002922,0.003092,0.003092,43028086.0,16
2019-07-16,0.003093,0.003125,0.002802,0.002825,0.002825,40980833.0,34
2019-07-17,0.0028190000000000003,0.003177,0.002772,0.00303,0.00303,41838001.0,19
2019-07-18,0.003031,0.003145,0.002876,0.003121,0.003121,40218356.0,40
2019-07-19,0.00312,0.003135,0.002971,0.003059,0.003059,20956541.0,42
2019-07-20,0.003064,0.003187,0.003038,0.003118,0.003118,23424227.0,34
2019-07-21,0.003118,0.003166,0.002983,0.003076,0.003076,18349874.0,42
2019-07-22,0.003076,0.0031,0.002966,0.002997,0.002997,19174676.0,42
2019-07-23,0.003,0.003003,0.002874,0.00288,0.00288,21006916.0,40
2019-07-24,0.00288,0.0029170000000000003,0.002816,0.002915,0.002915,23840681.0,20
2019-07-25,0.0029100000000000003,0.003018,0.002905,0.002921,0.002921,20653975.0,42
2019-07-26,0.002921,0.002949,0.002882,0.002921,0.002921,19438979.0,24
2019-07-27,0.0029230000000000003,0.00303,0.002797,0.002823,0.002823,20901185.0,47
2019-07-28,0.002822,0.002887,0.002792,0.002859,0.002859,19878103.0,16
2019-07-29,0.002859,0.002897,0.002809,0.00284,0.00284,19054200.0,19
2019-07-30,0.002831,0.002888,0.002801,0.002817,0.002817,16899416.0,22
2019-07-31,0.002816,0.002908,0.002816,0.002899,0.002899,21310977.0,31
2019-08-01,0.0029,0.002959,0.00286,0.002957,0.002957,20206543.0,57
2019-08-02,0.002957,0.002975,0.002897,0.002909,0.002909,18550954.0,61
2019-08-03,0.002908,0.00296,0.0029,0.002912,0.002912,15813943.0,61
2019-08-04,0.002913,0.002984,0.002864,0.002938,0.002938,19238655.0,62
2019-08-05,0.002938,0.0031620000000000003,0.002936,0.003087,0.003087,31037239.0,64
2019-08-06,0.003089,0.0033159999999999995,0.002919,0.00295,0.00295,19786133.0,66
2019-08-07,0.002951,0.00305,0.002938,0.003006,0.003006,26551305.0,45
2019-08-08,0.003005,0.003012,0.002858,0.002928,0.002928,16993741.0,61
2019-08-09,0.002929,0.002933,0.002869,0.002904,0.002904,21528298.0,60
2019-08-10,0.002905,0.002929,0.002796,0.0028420000000000003,0.0028420000000000003,17920883.0,59
2019-08-11,0.002845,0.002902,0.002839,0.002898,0.002898,16229246.0,45
2019-08-12,0.002896,0.0029010000000000004,0.002869,0.00288,0.00288,21554919.0,48
2019-08-13,0.002883,0.00289,0.002804,0.002825,0.002825,27308535.0,45
2019-08-14,0.002823,0.00283,0.002715,0.002722,0.002722,34384340.0,11
2019-08-15,0.00272,0.002753,0.002584,0.00264,0.00264,32124644.0,13
2019-08-16,0.002641,0.0027140000000000003,0.002561,0.002681,0.002681,19795789.0,31
2019-08-17,0.002684,0.00269,0.002619,0.002646,0.002646,18747565.0,20
2019-08-18,0.002647,0.00273,0.002622,0.002723,0.002723,20832602.0,14
2019-08-19,0.002723,0.002827,0.002716,0.002797,0.002797,20301072.0,30
2019-08-20,0.002798,0.002807,0.0027140000000000003,0.002763,0.002763,19682454.0,39
2019-08-21,0.002764,0.00277,0.00262,0.002675,0.002675,21056919.0,11
2019-08-22,0.002676,0.002731,0.002617,0.0027,0.0027,21813055.0,5
2019-08-23,0.002709,0.002899,0.002657,0.002713,0.002713,21615807.0,33
2019-08-24,0.002713,0.002725,0.002614,0.002661,0.002661,22299027.0,39
2019-08-25,0.002663,0.002888,0.002625,0.0026620000000000003,0.0026620000000000003,22727727.0,33
2019-08-26,0.002652,0.002829,0.00264,0.002679,0.002679,22974750.0,41
2019-08-27,0.00268,0.002788,0.0026,0.00262,0.00262,21250034.0,30
2019-08-28,0.002622,0.002633,0.002511,0.002524,0.002524,23602879.0,32
2019-08-29,0.002523,0.002524,0.002392,0.00245,0.00245,28641509.0,20
2019-08-30,0.002451,0.002487,0.002427,0.002482,0.002482,23809187.0,24
2019-08-31,0.002482,0.002529,0.002459,0.002511,0.002511,23927277.0,20
2019-09-01,0.002512,0.002533,0.002443,0.0024920000000000003,0.0024920000000000003,22742519.0,24
2019-09-02,0.0024920000000000003,0.002616,0.002462,0.002596,0.002596,25999239.0,28
2019-09-03,0.002598,0.002724,0.00256,0.002595,0.002595,40548612.0,41
2019-09-04,0.002596,0.002695,0.002541,0.00269,0.00269,27623103.0,43
2019-09-05,0.00269,0.0026920000000000004,0.0025050000000000003,0.002531,0.002531,32285101.0,41
2019-09-06,0.002529,0.00264,0.00246,0.002509,0.002509,29577777.0,43
2019-09-07,0.002515,0.002569,0.002479,0.002515,0.002515,34744018.0,39
2019-09-08,0.002511,0.00256,0.0024690000000000003,0.002501,0.002501,31506514.0,43
2019-09-09,0.002509,0.00251,0.002418,0.002461,0.002461,34582212.0,41
2019-09-10,0.002461,0.002489,0.00241,0.002437,0.002437,29851957.0,41
2019-09-11,0.002432,0.002451,0.00239,0.002399,0.002399,30308813.0,38
2019-09-12,0.002398,0.0024460000000000003,0.002366,0.002425,0.002425,38515673.0,39
2019-09-13,0.002425,0.002432,0.002398,0.002426,0.002426,34172204.0,38
2019-09-14,0.002427,0.002451,0.002405,0.002441,0.002441,36253840.0,39
2019-09-15,0.002443,0.002486,0.002438,0.00246,0.00246,35862686.0,38
2019-09-16,0.002462,0.002491,0.00243,0.002455,0.002455,31115288.0,38
2019-09-17,0.002454,0.002615,0.002443,0.002608,0.002608,38934662.0,41
2019-09-18,0.002607,0.002993,0.002582,0.002719,0.002719,45526972.0,38
2019-09-19,0.002718,0.002734,0.002589,0.002709,0.002709,46463665.0,31
2019-09-20,0.00271,0.002716,0.002645,0.002672,0.002672,45337416.0,41
2019-09-21,0.002667,0.002672,0.002556,0.002586,0.002586,47801585.0,37
2019-09-22,0.002595,0.002609,0.002546,0.002592,0.002592,37997883.0,37
2019-09-23,0.002587,0.0026,0.002482,0.002486,0.002486,35603401.0,41
2019-09-24,0.002489,0.002502,0.002077,0.002228,0.002228,56048353.0,39
2019-09-25,0.002229,0.002243,0.0021100000000000003,0.002197,0.002197,58992978.0,15
2019-09-26,0.002202,0.002229,0.002076,0.002155,0.002155,46965571.0,12
2019-09-27,0.002155,0.002228,0.002121,0.002221,0.002221,47659680.0,24
2019-09-28,0.002222,0.002248,0.002202,0.002234,0.002234,36239557.0,32
2019-09-29,0.002238,0.002336,0.0021850000000000003,0.002223,0.002223,41861530.0,33
2019-09-30,0.002227,0.002416,0.002171,0.002387,0.002387,56920760.0,27
2019-10-01,0.002393,0.002497,0.002381,0.002388,0.002388,40563787.0,38
2019-10-02,0.002391,0.002411,0.002314,0.002351,0.002351,42121830.0,39
2019-10-03,0.002349,0.002365,0.00229,0.002325,0.002325,36788344.0,37
2019-10-04,0.002323,0.002363,0.002283,0.00236,0.00236,42842902.0,30
2019-10-05,0.002355,0.002377,0.002307,0.002322,0.002322,39360096.0,31
2019-10-06,0.002323,0.002362,0.00229,0.002346,0.002346,40093923.0,32
2019-10-07,0.0023420000000000003,0.002408,0.002305,0.00239,0.00239,48117979.0,27
2019-10-08,0.00239,0.002418,0.002324,0.002346,0.002346,49622640.0,39
2019-10-09,0.00234,0.002402,0.002317,0.002388,0.002388,39868870.0,37
2019-10-10,0.002392,0.0024,0.00233,0.002332,0.002332,49414270.0,41
2019-10-11,0.002332,0.002383,0.00229,0.002345,0.002345,40769657.0,39
2019-10-12,0.002328,0.002383,0.00231,0.00234,0.00234,45487600.0,38
2019-10-13,0.002339,0.002618,0.002323,0.002447,0.002447,63249479.0,38
2019-10-14,0.002449,0.002636,0.002428,0.002545,0.002545,62460324.0,37
2019-10-15,0.002546,0.002565,0.002495,0.00251,0.00251,50979959.0,39
2019-10-16,0.002509,0.002619,0.002506,0.002607,0.002607,50405533.0,40
2019-10-17,0.002604,0.002932,0.00259,0.002755,0.002755,69269500.0,40
2019-10-18,0.002757,0.002863,0.002668,0.002706,0.002706,60909633.0,40
2019-10-19,0.002704,0.002795,0.002668,0.002743,0.002743,69804524.0,41
2019-10-20,0.002742,0.002775,0.0026850000000000003,0.00273,0.00273,73744712.0,37
2019-10-21,0.002732,0.002813,0.002618,0.002774,0.002774,82888436.0,37
2019-10-22,0.002773,0.0027760000000000003,0.00256,0.002565,0.002565,75521553.0,39
2019-10-23,0.002564,0.002587,0.002389,0.002495,0.002495,79141247.0,33
2019-10-24,0.002491,0.002553,0.002451,0.002538,0.002538,81190106.0,20
2019-10-25,0.002539,0.0027140000000000003,0.002502,0.002684,0.002684,98533278.0,24
2019-10-26,0.002684,0.002858,0.002591,0.002622,0.002622,118574429.0,53
2019-10-27,0.002621,0.002747,0.002595,0.002654,0.002654,99551356.0,50
2019-10-28,0.002656,0.002722,0.002629,0.002646,0.002646,92231650.0,52
2019-10-29,0.002647,0.002728,0.002644,0.002655,0.002655,84394749.0,54
2019-10-30,0.002656,0.002682,0.002597,0.002616,0.002616,88132224.0,53
2019-10-31,0.002618,0.002675,0.002586,0.002615,0.002615,72101942.0,50
2019-11-01,0.002617,0.002639,0.002591,0.00263,0.00263,78282711.0,49
2019-11-02,0.002631,0.002651,0.002597,0.002627,0.002627,63232423.0,51
2019-11-03,0.002627,0.002674,0.002622,0.002637,0.002637,57894711.0,56
2019-11-04,0.002635,0.002645,0.00259,0.002614,0.002614,64040500.0,49
2019-11-05,0.002613,0.002651,0.002575,0.002624,0.002624,78458702.0,54
2019-11-06,0.002623,0.00265,0.002615,0.002628,0.002628,88212203.0,53
2019-11-07,0.002628,0.002734,0.002608,0.002725,0.002725,97141368.0,54
2019-11-08,0.002723,0.002731,0.0026030000000000003,0.002653,0.002653,88039087.0,42
2019-11-09,0.002654,0.002742,0.00265,0.002713,0.002713,93120071.0,38
2019-11-10,0.002712,0.002785,0.002687,0.002775,0.002775,96734959.0,39
2019-11-11,0.002775,0.00278,0.002669,0.002715,0.002715,84608148.0,40
2019-11-12,0.0027140000000000003,0.002735,0.002679,0.002725,0.002725,72506822.0,39
2019-11-13,0.002723,0.002725,0.002665,0.002698,0.002698,80974477.0,38
2019-11-14,0.002694,0.002698,0.0026420000000000003,0.00268,0.00268,77359949.0,41
2019-11-15,0.002682,0.002689,0.002609,0.002657,0.002657,78888251.0,38
2019-11-16,0.002657,0.002675,0.002636,0.002669,0.002669,71531457.0,41
2019-11-17,0.002669,0.002718,0.002641,0.002648,0.002648,74498787.0,38
2019-11-18,0.002648,0.002715,0.002549,0.002576,0.002576,72521449.0,38
2019-11-19,0.002576,0.002608,0.002519,0.002548,0.002548,85557575.0,32
2019-11-20,0.002548,0.002698,0.002543,0.002556,0.002556,77286260.0,32
2019-11-21,0.002555,0.002566,0.002378,0.002426,0.002426,95999426.0,30
2019-11-22,0.002426,0.002519,0.002239,0.002362,0.002362,109619351.0,20
2019-11-23,0.002364,0.002507,0.002327,0.0025050000000000003,0.0025050000000000003,112247814.0,23
2019-11-24,0.002509,0.00251,0.002298,0.002365,0.002365,101469803.0,21
2019-11-25,0.002369,0.002369,0.002128,0.002286,0.002286,129591062.0,17
2019-11-26,0.002287,0.0023420000000000003,0.002265,0.002291,0.002291,100273990.0,21
2019-11-27,0.002291,0.002358,0.002229,0.002339,0.002339,100345294.0,20
2019-11-28,0.002337,0.00238,0.002313,0.002313,0.002313,97959428.0,32
2019-11-29,0.002315,0.002458,0.002305,0.002456,0.002456,97859845.0,31
2019-11-30,0.002456,0.002474,0.002314,0.00232,0.00232,89565611.0,38
2019-12-01,0.00232,0.0023940000000000003,0.002257,0.002292,0.002292,77007809.0,25
2019-12-02,0.002293,0.0023120000000000003,0.002204,0.002235,0.002235,66782510.0,28
2019-12-03,0.002234,0.002256,0.002167,0.002217,0.002217,62508732.0,28
2019-12-04,0.002217,0.002241,0.002165,0.002208,0.002208,73151442.0,24
2019-12-05,0.002209,0.002305,0.002172,0.002223,0.002223,66757792.0,21
2019-12-06,0.002221,0.00228,0.00218,0.002226,0.002226,66932958.0,29
2019-12-07,0.00223,0.002248,0.0022010000000000003,0.00223,0.00223,62933099.0,32
2019-12-08,0.00223,0.002341,0.002207,0.002238,0.002238,55442239.0,28
2019-12-09,0.0022370000000000003,0.002251,0.002198,0.002208,0.002208,62696753.0,32
2019-12-10,0.002208,0.002222,0.0021850000000000003,0.002204,0.002204,69802464.0,26
2019-12-11,0.002202,0.00224,0.002181,0.0021850000000000003,0.0021850000000000003,64108062.0,20
2019-12-12,0.0021850000000000003,0.002198,0.002167,0.002188,0.002188,66238690.0,23
2019-12-13,0.002187,0.002208,0.002165,0.002175,0.002175,65851726.0,22
2019-12-14,0.002175,0.002204,0.00215,0.00217,0.00217,71849717.0,27
2019-12-15,0.002171,0.002171,0.0020800000000000003,0.002154,0.002154,66491990.0,21
2019-12-16,0.002154,0.002184,0.002112,0.002121,0.002121,68370095.0,24
2019-12-17,0.00212,0.002152,0.001997,0.002018,0.002018,85349928.0,23
2019-12-18,0.002025,0.0021920000000000004,0.002008,0.002183,0.002183,98147109.0,15
2019-12-19,0.002182,0.002199,0.002049,0.002123,0.002123,79064574.0,21
2019-12-20,0.002127,0.002141,0.002048,0.002075,0.002075,67083802.0,23
2019-12-21,0.002077,0.002088,0.002044,0.002084,0.002084,66682998.0,23
2019-12-22,0.002082,0.00212,0.00207,0.002115,0.002115,70976748.0,20
2019-12-23,0.002113,0.002137,0.002055,0.002073,0.002073,77708509.0,33
2019-12-24,0.002073,0.002114,0.002052,0.002073,0.002073,71860410.0,25
2019-12-25,0.002072,0.002098,0.002036,0.002088,0.002088,79207264.0,22
2019-12-26,0.002086,0.002098,0.002047,0.002058,0.002058,71906467.0,39
2019-12-27,0.002059,0.002075,0.002032,0.002053,0.002053,75486740.0,38
2019-12-28,0.002053,0.00209,0.0020510000000000003,0.002064,0.002064,64539193.0,37
2019-12-29,0.002063,0.002114,0.002056,0.002068,0.002068,67109832.0,37
2019-12-30,0.00207,0.002077,0.002043,0.002054,0.002054,73171188.0,40
2019-12-31,0.002056,0.002056,0.002022,0.0020280000000000003,0.0020280000000000003,69469785.0,38
2020-01-01,0.0020280000000000003,0.002052,0.002021,0.002033,0.002033,51180941.0,37
2020-01-02,0.002034,0.0021100000000000003,0.001983,0.002009,0.002009,65071106.0,39
2020-01-03,0.002008,0.002177,0.001991,0.002145,0.002145,62619988.0,38
2020-01-04,0.002144,0.00249,0.00205,0.002241,0.002241,94227582.0,38
2020-01-05,0.00224,0.002491,0.002117,0.002419,0.002419,52631740.0,39
2020-01-06,0.002418,0.002564,0.002379,0.002463,0.002463,54562409.0,41
2020-01-07,0.002485,0.002497,0.002354,0.002433,0.002433,52767343.0,40
2020-01-08,0.002433,0.002465,0.002265,0.002293,0.002293,77251526.0,51
2020-01-09,0.002291,0.002314,0.002145,0.002256,0.002256,70690571.0,44
2020-01-10,0.002255,0.002361,0.002199,0.002356,0.002356,87683356.0,41
2020-01-11,0.002351,0.002373,0.0022960000000000003,0.002314,0.002314,94203409.0,50
2020-01-12,0.002313,0.002413,0.002313,0.002381,0.002381,79426215.0,45
2020-01-13,0.002381,0.002407,0.002327,0.002358,0.002358,83849846.0,49
2020-01-14,0.002358,0.002514,0.00234,0.00247,0.00247,128635383.0,56
2020-01-15,0.002468,0.002541,0.002363,0.002369,0.002369,128940321.0,54
2020-01-16,0.002372,0.002424,0.002293,0.002345,0.002345,98124199.0,55
2020-01-17,0.002346,0.002516,0.00231,0.00249,0.00249,117752841.0,54
2020-01-18,0.00249,0.002538,0.002452,0.002507,0.002507,108133943.0,51
2020-01-19,0.002514,0.00257,0.002359,0.002405,0.002405,108085147.0,53
2020-01-20,0.002405,0.002423,0.002359,0.002374,0.002374,92022277.0,48
2020-01-21,0.002374,0.002403,0.0023350000000000003,0.002376,0.002376,84321565.0,49
2020-01-22,0.002376,0.002399,0.00232,0.002323,0.002323,82852580.0,52
2020-01-23,0.002323,0.002358,0.002238,0.002268,0.002268,91866620.0,49
2020-01-24,0.002268,0.002293,0.002211,0.002276,0.002276,86865882.0,40
2020-01-25,0.002276,0.002276,0.002235,0.002257,0.002257,82421399.0,41
2020-01-26,0.002258,0.002307,0.00224,0.002305,0.002305,73458474.0,42
2020-01-27,0.002304,0.002413,0.002283,0.002368,0.002368,89023414.0,50
2020-01-28,0.002365,0.00245,0.002363,0.00245,0.00245,91528771.0,54
2020-01-29,0.002451,0.002471,0.00239,0.00239,0.00239,80676219.0,57
2020-01-30,0.002391,0.0024460000000000003,0.0023710000000000003,0.00244,0.00244,83967914.0,57
2020-01-31,0.00244,0.002458,0.002369,0.0023940000000000003,0.0023940000000000003,76519295.0,55
2020-02-01,0.002391,0.002431,0.002382,0.002422,0.002422,78730830.0,57
2020-02-02,0.002421,0.002506,0.002395,0.002468,0.002468,91552515.0,57
2020-02-03,0.002466,0.002517,0.002427,0.00244,0.00244,78856631.0,59
2020-02-04,0.002438,0.002503,0.002402,0.002503,0.002503,89790002.0,56
2020-02-05,0.002503,0.00263,0.0024920000000000003,0.002582,0.002582,105741619.0,53
2020-02-06,0.002583,0.002677,0.002574,0.002653,0.002653,108711614.0,61
2020-02-07,0.002654,0.00277,0.002647,0.002769,0.002769,130273878.0,56
2020-02-08,0.0027670000000000004,0.0032090000000000005,0.002722,0.003159,0.003159,203803814.0,56
2020-02-09,0.003156,0.0035310000000000007,0.003152,0.003232,0.003232,218861527.0,56
2020-02-10,0.0032340000000000003,0.003303,0.002904,0.002986,0.002986,195582003.0,57
2020-02-11,0.003011,0.003085,0.002864,0.003041,0.003041,169747135.0,52
2020-02-12,0.003041,0.003173,0.003013,0.003093,0.003093,181406960.0,61
2020-02-13,0.003064,0.003216,0.002973,0.003026,0.003026,168543942.0,65
2020-02-14,0.002999,0.003147,0.002981,0.00313,0.00313,140849233.0,63
2020-02-15,0.003098,0.003181,0.002839,0.00292,0.00292,144726029.0,64
2020-02-16,0.0029170000000000003,0.002965,0.0026260000000000003,0.002774,0.002774,149831933.0,59
2020-02-17,0.00274,0.002772,0.002547,0.002712,0.002712,149622002.0,49
2020-02-18,0.002677,0.002846,0.002655,0.002839,0.002839,144188844.0,53
2020-02-19,0.002839,0.002874,0.002624,0.002624,0.002624,136889052.0,50
2020-02-20,0.002625,0.002673,0.002569,0.002659,0.002659,187866681.0,44
2020-02-21,0.002656,0.002703,0.002614,0.002648,0.002648,157652567.0,44
2020-02-22,0.00265,0.002655,0.002577,0.002601,0.002601,156145895.0,43
2020-02-23,0.0026,0.002682,0.002596,0.00268,0.00268,180747902.0,46
2020-02-24,0.002679,0.002687,0.002557,0.00259,0.00259,159143744.0,46
2020-02-25,0.00259,0.002591,0.002436,0.0024760000000000003,0.0024760000000000003,178541404.0,44
2020-02-26,0.002475,0.002487,0.002211,0.002339,0.002339,201370789.0,41
2020-02-27,0.002337,0.002403,0.002298,0.002324,0.002324,162813946.0,39
2020-02-28,0.002323,0.002373,0.002226,0.002289,0.002289,153544453.0,40
2020-02-29,0.002286,0.00232,0.00223,0.002235,0.002235,146635830.0,38
2020-03-01,0.002233,0.002297,0.002223,0.002275,0.002275,162437207.0,39
2020-03-02,0.002278,0.00237,0.002256,0.002349,0.002349,165788612.0,38
2020-03-03,0.002348,0.002525,0.002316,0.002499,0.002499,174988479.0,38
2020-03-04,0.0025,0.002508,0.002367,0.002398,0.002398,144601436.0,40
2020-03-05,0.002399,0.002531,0.002395,0.002506,0.002506,104912777.0,41
2020-03-06,0.002504,0.002517,0.002447,0.002496,0.002496,100268192.0,39
2020-03-07,0.002501,0.002513,0.0024010000000000004,0.002405,0.002405,88138038.0,38
2020-03-08,0.002406,0.002408,0.002184,0.002187,0.002187,101738284.0,33
2020-03-09,0.002189,0.002236,0.002107,0.0022140000000000003,0.0022140000000000003,137033008.0,17
2020-03-10,0.002217,0.002263,0.002166,0.002207,0.002207,115431584.0,16
2020-03-11,0.002208,0.002228,0.002099,0.002184,0.002184,107425626.0,17
2020-03-12,0.002183,0.002188,0.001535,0.001537,0.001537,167892774.0,14
2020-03-13,0.00154,0.0017989999999999996,0.001247,0.001738,0.001738,218676976.0,10
2020-03-14,0.001737,0.001784,0.00164,0.001666,0.001666,113389101.0,8
2020-03-15,0.001664,0.001819,0.001655,0.001685,0.001685,119811060.0,12
2020-03-16,0.001684,0.0016989999999999998,0.001453,0.001587,0.001587,134329668.0,9
2020-03-17,0.001591,0.001677,0.001558,0.001587,0.001587,102697604.0,8
2020-03-18,0.00159,0.0016120000000000002,0.001552,0.001566,0.001566,102196814.0,11
2020-03-19,0.001566,0.001844,0.001562,0.001773,0.001773,251888350.0,12
2020-03-20,0.001771,0.001931,0.001679,0.001773,0.001773,188170528.0,9
2020-03-21,0.001771,0.001851,0.001693,0.001785,0.001785,166141811.0,9
2020-03-22,0.001785,0.001868,0.001719,0.001731,0.001731,161287088.0,11
2020-03-23,0.001727,0.0018170000000000005,0.001692,0.001805,0.001805,166551897.0,10
2020-03-24,0.001805,0.001912,0.0017989999999999996,0.001851,0.001851,177134005.0,12
2020-03-25,0.001852,0.00189,0.0017989999999999996,0.001834,0.001834,163367839.0,13
2020-03-26,0.001833,0.001872,0.001827,0.001842,0.001842,162455890.0,14
2020-03-27,0.001843,0.001868,0.001804,0.001807,0.001807,166326062.0,12
2020-03-28,0.001805,0.001808,0.001716,0.001778,0.001778,169979142.0,8
2020-03-29,0.001777,0.001805,0.0017170000000000002,0.001723,0.001723,156619235.0,12
2020-03-30,0.001723,0.001868,0.0017170000000000002,0.001831,0.001831,163244392.0,10
2020-03-31,0.001851,0.001851,0.001805,0.001811,0.001811,156195510.0,12
2020-04-01,0.001812,0.001867,0.0017760000000000005,0.001867,0.001867,163418627.0,12
2020-04-02,0.001868,0.00194,0.00185,0.001882,0.001882,165879605.0,14
2020-04-03,0.001883,0.001916,0.001834,0.001853,0.001853,161121845.0,14
2020-04-04,0.001853,0.00191,0.001841,0.00188,0.00188,160849686.0,12
2020-04-05,0.00188,0.001909,0.001847,0.001865,0.001865,152557918.0,12
2020-04-06,0.001866,0.001983,0.001852,0.00198,0.00198,173173223.0,12
2020-04-07,0.001972,0.00203,0.001934,0.001997,0.001997,129399793.0,20
2020-04-08,0.001986,0.002044,0.00196,0.002012,0.002012,116283369.0,21
2020-04-09,0.002013,0.002033,0.001985,0.002021,0.002021,109954538.0,22
2020-04-10,0.002021,0.002023,0.001891,0.001968,0.001968,122108790.0,15
2020-04-11,0.001968,0.002004,0.001941,0.00199,0.00199,161367396.0,15
2020-04-12,0.001989,0.002009,0.0019510000000000005,0.00199,0.00199,169892709.0,10
2020-04-13,0.00199,0.00199,0.001894,0.001959,0.001959,167357650.0,11
2020-04-14,0.001958,0.00198,0.001935,0.001964,0.001964,188937615.0,15
2020-04-15,0.001963,0.001975,0.001906,0.00194,0.00194,169903672.0,18
2020-04-16,0.001941,0.002029,0.001886,0.0020280000000000003,0.0020280000000000003,179859738.0,13
2020-04-17,0.002013,0.002062,0.002007,0.002061,0.002061,168186509.0,15
2020-04-18,0.002013,0.002062,0.002007,0.002061,0.002061,168186509.0,18
2020-04-19,0.00206,0.002073,0.0020280000000000003,0.002058,0.002058,172576560.0,16
2020-04-20,0.002058,0.002066,0.001962,0.001982,0.001982,169715146.0,15
2020-04-21,0.001982,0.002032,0.001952,0.001971,0.001971,163652750.0,17
2020-04-22,0.001971,0.002033,0.001964,0.002011,0.002011,163753943.0,19
2020-04-23,0.002011,0.002123,0.0020050000000000003,0.002047,0.002047,179000350.0,19
2020-04-24,0.002047,0.002121,0.002042,0.0021030000000000003,0.0021030000000000003,209562151.0,20
2020-04-25,0.002102,0.002146,0.0020870000000000003,0.002142,0.002142,229810398.0,24
2020-04-26,0.002141,0.002444,0.002136,0.002409,0.002409,287859775.0,21
2020-04-27,0.00241,0.002414,0.002308,0.002355,0.002355,276033020.0,28
2020-04-28,0.002354,0.002372,0.002322,0.002339,0.002339,254905520.0,26
2020-04-29,0.002339,0.002542,0.002331,0.002517,0.002517,295698249.0,26
2020-04-30,0.002517,0.002689,0.002392,0.002443,0.002443,298563815.0,44
2020-05-01,0.002444,0.002559,0.002441,0.002494,0.002494,282886977.0,40
2020-05-02,0.002495,0.002553,0.002473,0.002549,0.002549,269155283.0,40
2020-05-03,0.002548,0.002583,0.00248,0.00251,0.00251,265156925.0,45
2020-05-04,0.002511,0.002519,0.002389,0.002481,0.002481,261454253.0,44
2020-05-05,0.002481,0.002521,0.002449,0.002484,0.002484,245861118.0,40
2020-05-06,0.002483,0.002583,0.002473,0.002529,0.002529,251393346.0,42
2020-05-07,0.002518,0.0026780000000000003,0.002479,0.002664,0.002664,284491226.0,49
2020-05-08,0.002659,0.002672,0.002594,0.002625,0.002625,291757355.0,55
2020-05-09,0.002622,0.002634,0.002565,0.002613,0.002613,294993696.0,56
2020-05-10,0.002611,0.002613,0.00236,0.002459,0.002459,290801097.0,48
2020-05-11,0.002457,0.002512,0.002338,0.002413,0.002413,277646033.0,40
2020-05-12,0.002413,0.002513,0.002406,0.002463,0.002463,262934538.0,39
2020-05-13,0.002464,0.0025280000000000003,0.002458,0.002521,0.002521,265878080.0,41
2020-05-14,0.002518,0.002623,0.002512,0.002574,0.002574,283778649.0,40
2020-05-15,0.002574,0.002577,0.002487,0.002506,0.002506,261080156.0,44
2020-05-16,0.002507,0.002534,0.002484,0.002513,0.002513,254666485.0,41
2020-05-17,0.002512,0.002578,0.002509,0.002538,0.002538,258469067.0,40
2020-05-18,0.002537,0.002587,0.002513,0.002543,0.002543,265626959.0,50
2020-05-19,0.0025440000000000003,0.002565,0.002501,0.002538,0.002538,182890489.0,50
2020-05-20,0.002539,0.002563,0.002487,0.002508,0.002508,178925411.0,52
2020-05-21,0.00251,0.002549,0.002423,0.002485,0.002485,200924557.0,49
2020-05-22,0.002486,0.002543,0.002473,0.002533,0.002533,215355485.0,42
2020-05-23,0.002533,0.002565,0.002499,0.0025440000000000003,0.0025440000000000003,208878705.0,40
2020-05-24,0.0025440000000000003,0.002561,0.002451,0.002458,0.002458,186657328.0,43
2020-05-25,0.002456,0.002546,0.002435,0.00254,0.00254,214669452.0,41
2020-05-26,0.002539,0.002542,0.002472,0.002486,0.002486,185485979.0,39
2020-05-27,0.002486,0.002529,0.002472,0.00251,0.00251,186186772.0,39
2020-05-28,0.002512,0.002559,0.002495,0.002524,0.002524,220213442.0,41
2020-05-29,0.002524,0.002549,0.002504,0.002532,0.002532,200485433.0,48
2020-05-30,0.002531,0.0026260000000000003,0.002523,0.002615,0.002615,200708874.0,48
2020-05-31,0.002615,0.002617,0.002549,0.002555,0.002555,188184731.0,51
2020-06-01,0.002555,0.0026620000000000003,0.002553,0.002647,0.002647,195748335.0,50
2020-06-02,0.002647,0.002655,0.00252,0.002561,0.002561,200119264.0,56
2020-06-03,0.002562,0.002598,0.002546,0.002583,0.002583,190021630.0,48
2020-06-04,0.002583,0.002669,0.002571,0.002631,0.002631,194078582.0,54
2020-06-05,0.002632,0.002634,0.0025800000000000003,0.002596,0.002596,188846627.0,53
2020-06-06,0.002595,0.002606,0.002566,0.002587,0.002587,175988365.0,54
2020-06-07,0.002587,0.002609,0.002558,0.002606,0.002606,188151455.0,54
2020-06-08,0.002606,0.002607,0.002561,0.002584,0.002584,187140783.0,53
2020-06-09,0.002584,0.002587,0.002517,0.002569,0.002569,175910197.0,52
2020-06-10,0.002569,0.002595,0.002553,0.002584,0.002584,182748021.0,54
2020-06-11,0.002584,0.002602,0.002429,0.002452,0.002452,183212798.0,52
2020-06-12,0.002455,0.002533,0.002447,0.00252,0.00252,194920048.0,38
2020-06-13,0.00252,0.002541,0.002501,0.002533,0.002533,188981850.0,38
2020-06-14,0.002533,0.002554,0.002501,0.002511,0.002511,173334481.0,40
2020-06-15,0.00251,0.002516,0.002407,0.002479,0.002479,198803041.0,37
2020-06-16,0.002479,0.00253,0.002434,0.002487,0.002487,196212619.0,39
2020-06-17,0.00249,0.0024920000000000003,0.002458,0.002485,0.002485,185083517.0,38
2020-06-18,0.002485,0.002493,0.002447,0.002472,0.002472,171388606.0,40
2020-06-19,0.002471,0.002472,0.00243,0.002435,0.002435,173280984.0,39
2020-06-20,0.002435,0.002466,0.002419,0.002447,0.002447,158275082.0,38
2020-06-21,0.002447,0.002478,0.002441,0.002447,0.002447,169917761.0,37
2020-06-22,0.002447,0.002495,0.002443,0.002474,0.002474,173530825.0,38
2020-06-23,0.002474,0.0024920000000000003,0.002457,0.002484,0.002484,171604774.0,41
2020-06-24,0.002483,0.002497,0.002389,0.00243,0.00243,178380748.0,50
2020-06-25,0.00243,0.002433,0.00239,0.0024170000000000003,0.0024170000000000003,160003354.0,43
2020-06-26,0.0024170000000000003,0.002427,0.002359,0.002359,0.002359,151319087.0,40
2020-06-27,0.002359,0.002379,0.002294,0.002313,0.002313,152534000.0,43
2020-06-28,0.002313,0.002361,0.002283,0.002326,0.002326,172693834.0,40
2020-06-29,0.002326,0.002341,0.002301,0.002313,0.002313,172655788.0,41
2020-06-30,0.002311,0.00234,0.002297,0.00232,0.00232,165641131.0,44
2020-07-01,0.00232,0.002376,0.002301,0.002354,0.002354,152549214.0,42
2020-07-02,0.00233,0.002382,0.002302,0.002361,0.002361,110789127.0,42
2020-07-03,0.002361,0.002366,0.002304,0.002316,0.002316,111575143.0,41
2020-07-04,0.002315,0.00234,0.002289,0.002309,0.002309,109218071.0,40
2020-07-05,0.002307,0.002327,0.002277,0.002309,0.002309,110140542.0,38
2020-07-06,0.002309,0.002624,0.002302,0.002616,0.002616,132105139.0,40
2020-07-07,0.002614,0.003259,0.0026,0.00309,0.00309,283970310.0,43
2020-07-08,0.003097,0.00542,0.003061,0.00475,0.00475,1226813925.0,44
2020-07-09,0.004732,0.005014,0.004148,0.004397,0.004397,511315527.0,44
2020-07-10,0.004394,0.004394,0.003438,0.003515,0.003515,225424869.0,41
2020-07-11,0.0035280000000000008,0.00392,0.003476,0.003811,0.003811,155299369.0,44
2020-07-12,0.003811,0.003844,0.003614,0.00363,0.00363,87562043.0,41
2020-07-13,0.00363,0.003636,0.003059,0.0031780000000000003,0.0031780000000000003,143177055.0,43
2020-07-14,0.003169,0.003369,0.003061,0.003294,0.003294,103213409.0,43
2020-07-15,0.003287,0.003303,0.003074,0.003085,0.003085,69399827.0,44
2020-07-16,0.003086,0.003098,0.002893,0.002995,0.002995,78457844.0,43
2020-07-17,0.002991,0.003084,0.002937,0.003061,0.003061,74705371.0,41
2020-07-18,0.00306,0.003629,0.003031,0.0034729999999999995,0.0034729999999999995,204080851.0,44
2020-07-19,0.003464,0.003753,0.003329,0.003382,0.003382,116746163.0,41
2020-07-20,0.003383,0.003433,0.003167,0.003239,0.003239,81038624.0,44
2020-07-21,0.003232,0.0033090000000000003,0.003187,0.003305,0.003305,77748189.0,44
2020-07-22,0.003302,0.003304,0.003221,0.003285,0.003285,54443238.0,50
2020-07-23,0.003283,0.003321,0.003265,0.003295,0.003295,58737115.0,55
2020-07-24,0.003295,0.003323,0.003177,0.00322,0.00322,58910215.0,53
2020-07-25,0.003219,0.003295,0.003189,0.0032340000000000003,0.0032340000000000003,63203396.0,55
2020-07-26,0.0032380000000000004,0.0032700000000000003,0.003184,0.003235,0.003235,62592233.0,55
2020-07-27,0.0032340000000000003,0.003243,0.00304,0.003153,0.003153,83138808.0,58
2020-07-28,0.0031550000000000003,0.003219,0.003132,0.003197,0.003197,63084930.0,76
2020-07-29,0.003198,0.003262,0.003175,0.003192,0.003192,55817191.0,71
2020-07-30,0.003192,0.003244,0.003163,0.0032310000000000004,0.0032310000000000004,53506822.0,76
2020-07-31,0.003229,0.00324,0.003181,0.003225,0.003225,54497306.0,75
2020-08-01,0.003225,0.003797,0.003203,0.003689,0.003689,150687884.0,75
2020-08-02,0.003696,0.003736,0.003266,0.003336,0.003336,101249531.0,80
2020-08-03,0.003336,0.003441,0.003308,0.003389,0.003389,66931510.0,75
2020-08-04,0.003389,0.003561,0.003376,0.003535,0.003535,74386428.0,72
2020-08-05,0.003543,0.0035770000000000008,0.0034850000000000003,0.003513,0.003513,66465690.0,75
2020-08-06,0.003517,0.003636,0.003461,0.00356,0.00356,62944678.0,79
2020-08-07,0.003563,0.003611,0.003425,0.003533,0.003533,68990009.0,77
2020-08-08,0.003534,0.003536,0.003453,0.00351,0.00351,62509900.0,77
2020-08-09,0.003508,0.003533,0.00343,0.0034630000000000004,0.0034630000000000004,57020040.0,79
2020-08-10,0.003468,0.003557,0.003454,0.0034990000000000004,0.0034990000000000004,68038181.0,78
2020-08-11,0.0034950000000000003,0.003571,0.003346,0.003394,0.003394,78539442.0,84
2020-08-12,0.003397,0.003534,0.003341,0.003484000000000001,0.003484000000000001,70865885.0,75
2020-08-13,0.003483,0.003549,0.003365,0.003517,0.003517,73302994.0,75
2020-08-14,0.003514,0.003579,0.003476,0.003561,0.003561,61334640.0,78
2020-08-15,0.003563,0.003607,0.0035,0.003539,0.003539,64309678.0,79
2020-08-16,0.00354,0.003552000000000001,0.003469,0.003524,0.003524,52637926.0,82
2020-08-17,0.003524,0.003718,0.0035,0.003591,0.003591,77628715.0,83
2020-08-18,0.003593,0.003709000000000001,0.003483,0.003514,0.003514,62570291.0,82
2020-08-19,0.003508,0.0035380000000000008,0.003368,0.0034240000000000004,0.0034240000000000004,53306857.0,80
2020-08-20,0.0034240000000000004,0.0034990000000000004,0.00339,0.0034590000000000003,0.0034590000000000003,43536656.0,75
2020-08-21,0.003457,0.003554,0.003389,0.003393,0.003393,60621268.0,81
2020-08-22,0.003392,0.003447,0.003354,0.003442,0.003442,44884852.0,78
2020-08-23,0.003438,0.003453,0.0033880000000000004,0.003414,0.003414,39485548.0,76
2020-08-24,0.0034100000000000003,0.003465,0.003386,0.003418,0.003418,46470522.0,78
2020-08-25,0.003418,0.0034340000000000004,0.003239,0.003305,0.003305,76826314.0,75
2020-08-26,0.003301,0.0033450000000000003,0.003251,0.003303,0.003303,80416711.0,76
2020-08-27,0.0033,0.003314,0.003165,0.003203,0.003203,89847093.0,75
2020-08-28,0.003203,0.003271,0.003182,0.003268,0.003268,64056957.0,74
2020-08-29,0.0032670000000000004,0.003301,0.003242,0.003282,0.003282,78149363.0,79
2020-08-30,0.0032840000000000005,0.003344,0.003274,0.0033,0.0033,79325829.0,75
2020-08-31,0.003301,0.003308,0.003204,0.003221,0.003221,85369757.0,75
2020-09-01,0.00322,0.003281,0.003194,0.003256,0.003256,81863764.0,75
2020-09-02,0.003258,0.003266,0.003065,0.003122,0.003122,56647412.0,83
2020-09-03,0.003122,0.003134,0.00279,0.002802,0.002802,59904548.0,79
2020-09-04,0.002799,0.002958,0.002753,0.002899,0.002899,53434717.0,40
2020-09-05,0.0029,0.002934,0.00272,0.002758,0.002758,62295889.0,41
2020-09-06,0.002758,0.002814,0.002704,0.002787,0.002787,89557154.0,41
2020-09-07,0.002787,0.002832,0.002708,0.002811,0.002811,102610335.0,41
2020-09-08,0.00282,0.002834,0.0027,0.002756,0.002756,57144396.0,41
2020-09-09,0.002758,0.002807,0.002704,0.002779,0.002779,77050464.0,38
2020-09-10,0.002792,0.002859,0.002752,0.002805,0.002805,104276032.0,38
2020-09-11,0.002805,0.002825,0.002742,0.002806,0.002806,134077501.0,41
2020-09-12,0.002802,0.002831,0.002781,0.0028190000000000003,0.0028190000000000003,117125272.0,41
2020-09-13,0.0028190000000000003,0.002824,0.002746,0.0027760000000000003,0.0027760000000000003,124253232.0,38
2020-09-14,0.0027760000000000003,0.002843,0.002742,0.002803,0.002803,128520946.0,39
2020-09-15,0.002799,0.002878,0.002785,0.002832,0.002832,100194174.0,47
2020-09-16,0.002831,0.002859,0.002791,0.002826,0.002826,148555505.0,43
2020-09-17,0.002824,0.002859,0.002781,0.002814,0.002814,161305349.0,48
2020-09-18,0.002814,0.002825,0.002749,0.002804,0.002804,147868185.0,49
2020-09-19,0.002796,0.002814,0.002773,0.002794,0.002794,147046520.0,48
2020-09-20,0.002794,0.002806,0.002722,0.002778,0.002778,145951917.0,52
2020-09-21,0.002778,0.002802,0.002616,0.00263,0.00263,78753428.0,48
2020-09-22,0.002625,0.002672,0.002604,0.002656,0.002656,36467574.0,39
2020-09-23,0.002656,0.002675,0.002559,0.002564,0.002564,29993627.0,43
2020-09-24,0.002564,0.00266,0.002558,0.002644,0.002644,30967522.0,39
2020-09-25,0.002644,0.002719,0.002629,0.002706,0.002706,39515148.0,46
2020-09-26,0.002708,0.002749,0.002691,0.002708,0.002708,36770554.0,45
2020-09-27,0.002708,0.002733,0.002683,0.0027010000000000003,0.0027010000000000003,24673035.0,47
2020-09-28,0.0027010000000000003,0.002739,0.002651,0.002658,0.002658,35610656.0,43
2020-09-29,0.002658,0.00271,0.002646,0.002681,0.002681,36596920.0,45
2020-09-30,0.00268,0.002688,0.002632,0.0026420000000000003,0.0026420000000000003,32195544.0,49
2020-10-01,0.002644,0.0026780000000000003,0.002599,0.002615,0.002615,35974208.0,45
2020-10-02,0.002614,0.002614,0.0025440000000000003,0.002584,0.002584,46978131.0,41
2020-10-03,0.002585,0.002636,0.002578,0.002605,0.002605,28617216.0,40
2020-10-04,0.002605,0.002672,0.002602,0.002646,0.002646,31175662.0,42
2020-10-05,0.002646,0.00266,0.002616,0.002627,0.002627,28690532.0,42
2020-10-06,0.002625,0.002637,0.00259,0.0026100000000000003,0.0026100000000000003,31952344.0,47
2020-10-07,0.0026100000000000003,0.002613,0.002586,0.0026,0.0026,43259079.0,43
2020-10-08,0.002598,0.002633,0.002573,0.0026030000000000003,0.0026030000000000003,43957899.0,46
2020-10-09,0.002654,0.002716,0.002654,0.002655,0.002655,96632426.0,48
2020-10-10,0.002654,0.002716,0.002654,0.002655,0.002655,96632426.0,53
2020-10-11,0.002667,0.002706,0.002649,0.002674,0.002674,107632465.0,55
2020-10-12,0.002634,0.002653,0.002618,0.002637,0.002637,87293434.0,52
2020-10-13,0.002634,0.002653,0.002618,0.002637,0.002637,87293434.0,56
2020-10-14,0.002634,0.002653,0.002618,0.002637,0.002637,87293434.0,53
2020-10-15,0.00265,0.002651,0.002569,0.002593,0.002593,83794207.0,56
2020-10-16,0.002595,0.002616,0.002557,0.002612,0.002612,117882236.0,52
2020-10-17,0.0026030000000000003,0.002612,0.002573,0.002581,0.002581,125692391.0,56
2020-10-18,0.002581,0.002601,0.002577,0.002586,0.002586,72298803.0,55
2020-10-19,0.002595,0.002619,0.002572,0.00259,0.00259,91049562.0,55
2020-10-20,0.00259,0.002623,0.002581,0.002601,0.002601,65577101.0,56
2020-10-21,0.0026,0.002657,0.002594,0.00263,0.00263,45017115.0,61
2020-10-22,0.002627,0.002689,0.002624,0.002655,0.002655,44976453.0,73
2020-10-23,0.002649,0.002691,0.002637,0.002647,0.002647,46856082.0,74
2020-10-24,0.002647,0.002653,0.002624,0.002646,0.002646,44797614.0,73
2020-10-25,0.002645,0.002676,0.002624,0.002653,0.002653,58532388.0,76
2020-10-26,0.002653,0.002893,0.002636,0.002679,0.002679,122152251.0,75
2020-10-27,0.002679,0.002708,0.00263,0.002677,0.002677,78927089.0,61
2020-10-28,0.002677,0.002697,0.002575,0.002595,0.002595,72848720.0,70
2020-10-29,0.002595,0.002623,0.002518,0.002581,0.002581,58929515.0,67
2020-10-30,0.002581,0.002607,0.002533,0.002598,0.002598,63444097.0,74
2020-10-31,0.002598,0.0026030000000000003,0.002556,0.002576,0.002576,56189318.0,73
2020-11-01,0.002576,0.00259,0.002561,0.002582,0.002582,45528682.0,72
2020-11-02,0.002582,0.002592,0.002515,0.002517,0.002517,50142376.0,71
2020-11-03,0.002517,0.00253,0.002452,0.0025280000000000003,0.0025280000000000003,62871653.0,71
2020-11-04,0.0025280000000000003,0.002558,0.002497,0.002533,0.002533,52552651.0,74
2020-11-05,0.002533,0.002639,0.002496,0.002617,0.002617,31611963.0,72
2020-11-06,0.002617,0.002801,0.002608,0.0027600000000000003,0.0027600000000000003,54267546.0,90
2020-11-07,0.0027600000000000003,0.0028190000000000003,0.002612,0.002671,0.002671,44610219.0,88
2020-11-08,0.002671,0.002742,0.002658,0.002711,0.002711,22754531.0,82
2020-11-09,0.002711,0.002786,0.002663,0.00267,0.00267,28124348.0,90
2020-11-10,0.00267,0.002851,0.002655,0.002753,0.002753,39633173.0,90
2020-11-11,0.002753,0.002837,0.002753,0.002769,0.002769,33138759.0,86
2020-11-12,0.002769,0.002791,0.002747,0.002779,0.002779,24028261.0,87
2020-11-13,0.002779,0.002836,0.002777,0.002821,0.002821,29217750.0,89
2020-11-14,0.002821,0.002821,0.002721,0.002773,0.002773,30334380.0,90
2020-11-15,0.002773,0.002813,0.002739,0.002775,0.002775,25131683.0,86
2020-11-16,0.002775,0.003009,0.002757,0.002886,0.002886,52063283.0,90
2020-11-17,0.002908,0.0029760000000000003,0.002886,0.002936,0.002936,46631464.0,86
2020-11-18,0.002936,0.002999,0.002855,0.002909,0.002909,49460064.0,91
2020-11-19,0.002909,0.00296,0.002868,0.002911,0.002911,40330643.0,94
2020-11-20,0.002911,0.003011,0.002908,0.002984,0.002984,57656465.0,86
2020-11-21,0.002984,0.003549,0.002984,0.003507,0.003507,162641694.0,91
2020-11-22,0.003507,0.00366,0.003181,0.003329,0.003329,121660410.0,94
2020-11-23,0.003329,0.003648,0.003232,0.003648,0.003648,101561039.0,90
2020-11-24,0.003645,0.004204,0.003579,0.004204,0.004204,266716036.0,88
2020-11-25,0.0042,0.004256,0.003642,0.003727,0.003727,174459927.0,94
2020-11-26,0.003727,0.003793,0.00298,0.00325,0.00325,175520294.0,93
2020-11-27,0.00325,0.003355,0.003093,0.003275,0.003275,92323023.0,86
2020-11-28,0.003275,0.0034700000000000004,0.003247,0.003405,0.003405,58033650.0,87
2020-11-29,0.003405,0.00353,0.003358,0.003448,0.003448,46319972.0,89
2020-11-30,0.003448,0.00358,0.003414,0.003551,0.003551,68622736.0,88
2020-12-01,0.003551,0.003572,0.003269,0.0033350000000000003,0.0033350000000000003,80163603.0,95
2020-12-02,0.0033350000000000003,0.003436,0.003293,0.0033740000000000003,0.0033740000000000003,58705661.0,92
2020-12-03,0.003375,0.0035,0.0033520000000000004,0.003428,0.003428,47907032.0,92
2020-12-04,0.003429,0.003447,0.003285,0.003298,0.003298,45062222.0,92
2020-12-05,0.003297,0.003414,0.003268,0.003397,0.003397,43386583.0,93
2020-12-06,0.003397,0.003442,0.003343,0.0033880000000000004,0.0033880000000000004,40936574.0,95
2020-12-07,0.0033880000000000004,0.0034,0.0033200000000000005,0.0033420000000000004,0.0033420000000000004,36923814.0,94
2020-12-08,0.003343,0.003361,0.003138,0.003179,0.003179,52702701.0,95
2020-12-09,0.003179,0.003182,0.003016,0.003158,0.003158,45746722.0,86
2020-12-10,0.003158,0.003165,0.003066,0.003105,0.003105,33740988.0,94
2020-12-11,0.003105,0.0031100000000000004,0.003009,0.003079,0.003079,41712942.0,89
2020-12-12,0.003079,0.003184,0.003075,0.003163,0.003163,35466155.0,90
2020-12-13,0.003164,0.003274,0.003153,0.003256,0.003256,37464323.0,91
2020-12-14,0.003256,0.003279,0.003199,0.0032310000000000004,0.0032310000000000004,36238516.0,95
2020-12-15,0.00323,0.00325,0.0031780000000000003,0.003206,0.003206,37127782.0,91
2020-12-16,0.0032049999999999995,0.003422,0.003186,0.003416,0.003416,50989880.0,92
2020-12-17,0.003416,0.004113,0.003406,0.00373,0.00373,172736659.0,92
2020-12-18,0.00373,0.00397,0.003618,0.003858,0.003858,101799430.0,95
2020-12-19,0.003859000000000001,0.004018,0.00381,0.003927,0.003927,98447179.0,93
2020-12-20,0.003926,0.004678,0.003827,0.004625,0.004625,508066004.0,92
2020-12-21,0.004627,0.005406,0.0043630000000000006,0.004787,0.004787,664160057.0,92
2020-12-22,0.004784,0.004843,0.004370000000000001,0.004508,0.004508,239288785.0,88
2020-12-23,0.004508,0.0047350000000000005,0.00364,0.003768,0.003768,205080908.0,93
2020-12-24,0.003768,0.004577,0.003697,0.00457,0.00457,143405580.0,86
2020-12-25,0.00457,0.004613,0.0043950000000000005,0.004582,0.004582,136819917.0,94
2020-12-26,0.004581,0.00464,0.004423,0.004494,0.004494,151728507.0,93
2020-12-27,0.004493,0.004804999999999999,0.004429,0.004548,0.004548,154526399.0,91
2020-12-28,0.004548,0.004716,0.004523,0.004592000000000001,0.004592000000000001,99641525.0,92
2020-12-29,0.004592000000000001,0.004608,0.004278,0.004486,0.004486,90876497.0,91
2020-12-30,0.004487,0.004703,0.004453,0.004636,0.004636,94834499.0,91
2020-12-31,0.004636,0.004743,0.004553,0.004682,0.004682,85498337.0,95
2021-01-01,0.004681,0.005685,0.004615,0.005685,0.005685,228961515.0,94
2021-01-02,0.005686,0.013697999999999998,0.005584,0.010615,0.010615,3421562680.0,94
2021-01-03,0.010602,0.013867,0.009409,0.009771,0.009771,2707003608.0,93
2021-01-04,0.009785,0.011421,0.007878,0.009767,0.009767,1372398979.0,94
2021-01-05,0.009767,0.010219,0.008971999999999999,0.00992,0.00992,687256067.0,93
2021-01-06,0.009923,0.010854,0.009685,0.010465,0.010465,749915516.0,95
2021-01-07,0.010454,0.010532,0.009162,0.009742,0.009742,520644706.0,91
2021-01-08,0.009743,0.010285,0.008986,0.009846,0.009846,394462164.0,93
2021-01-09,0.009833,0.01074,0.00974,0.010194,0.010194,485842353.0,93
2021-01-10,0.010193,0.010867,0.009177,0.00986,0.00986,458583519.0,94
2021-01-11,0.009858,0.009858,0.00677,0.008834999999999999,0.008834999999999999,637956958.0,90
2021-01-12,0.00883,0.009145,0.007904000000000001,0.008062999999999999,0.008062999999999999,333308457.0,84
2021-01-13,0.008062,0.008646,0.007787,0.008616,0.008616,240079033.0,78
2021-01-14,0.008619,0.01003,0.008348999999999999,0.009397,0.009397,428369039.0,83
2021-01-15,0.009389,0.009796,0.008459999999999999,0.009369,0.009369,398965925.0,88
2021-01-16,0.009367,0.009531,0.00914,0.009265,0.009265,258630480.0,84
2021-01-17,0.009263,0.009367,0.008841,0.009067,0.009067,254487989.0,79
2021-01-18,0.00907,0.009295,0.008981,0.009171,0.009171,205025648.0,79
2021-01-19,0.009172,0.009613,0.00902,0.009098,0.009098,249242632.0,80
2021-01-20,0.009096,0.009153,0.008529,0.00906,0.00906,220205442.0,78
2021-01-21,0.009062,0.009089,0.008061,0.008166,0.008166,215419839.0,75
2021-01-22,0.008165,0.008768999999999999,0.007654,0.008524,0.008524,185490003.0,40
2021-01-23,0.00852,0.008808,0.008388,0.008579,0.008579,154393737.0,74
2021-01-24,0.008578,0.008951,0.008516,0.008727,0.008727,162191977.0,70
2021-01-25,0.008727,0.008879000000000001,0.008276,0.008383,0.008383,180820875.0,74
2021-01-26,0.008381999999999999,0.008456,0.008022,0.008255,0.008255,161173749.0,71
2021-01-27,0.008255,0.008259,0.007294,0.007481999999999998,0.007481999999999998,204797186.0,78
2021-01-28,0.007481,0.013826,0.007351000000000002,0.012555,0.012555,2125005503.0,55
2021-01-29,0.043734,0.077973,0.032341,0.047162,0.047162,25403310432.0,77
2021-01-30,0.046803,0.049901,0.022488,0.028176,0.028176,8735576553.0,76
2021-01-31,0.028191,0.045289,0.027102,0.037196,0.037196,8548997882.0,78
2021-02-01,0.037054,0.04325,0.033367,0.034875,0.034875,6319224026.0,77
2021-02-02,0.034910000000000004,0.034926,0.029195,0.03152,0.03152,3090896595.0,76
2021-02-03,0.031493,0.039105,0.031146,0.03712,0.03712,3146856788.0,78
2021-02-04,0.037226,0.057869,0.035945,0.053289,0.053289,13040837601.0,80
2021-02-05,0.053042999999999986,0.05374,0.04354,0.046935,0.046935,6136160058.0,81
2021-02-06,0.046931,0.05830800000000001,0.044904,0.057595000000000014,0.057595000000000014,5946101275.0,84
2021-02-07,0.057502,0.084357,0.054239,0.078782,0.078782,14261024073.0,86
2021-02-08,0.078352,0.084945,0.064702,0.078825,0.078825,12844375210.0,83
2021-02-09,0.078773,0.083128,0.065621,0.07007000000000001,0.07007000000000001,7348840814.0,95
2021-02-10,0.070111,0.081091,0.068525,0.072896,0.072896,6785088422.0,92
2021-02-11,0.072844,0.074301,0.06829,0.069676,0.069676,3818556739.0,93
2021-02-12,0.06965,0.07261000000000001,0.061445000000000013,0.070069,0.070069,4190843784.0,92
2021-02-13,0.070025,0.071646,0.066135,0.06645,0.06645,2618049766.0,92
2021-02-14,0.06644800000000001,0.06644800000000001,0.056723,0.062537,0.062537,3984667628.0,95
2021-02-15,0.062568,0.063924,0.048547,0.056591,0.056591,4944804938.0,93
2021-02-16,0.056488,0.059667999999999985,0.050983,0.053520000000000005,0.053520000000000005,3409478696.0,95
2021-02-17,0.053522,0.054983,0.048034,0.049376,0.049376,2976148723.0,95
2021-02-18,0.049363,0.061799,0.048989,0.059541,0.059541,4551943638.0,91
2021-02-19,0.059434,0.059497,0.054315,0.055139,0.055139,2949251418.0,93
2021-02-20,0.05513200000000002,0.060286,0.051628,0.054384,0.054384,3175468554.0,91
2021-02-21,0.05436900000000002,0.058428,0.053555999999999986,0.05598,0.05598,2450293068.0,91
2021-02-22,0.056044,0.060466,0.047096,0.053725,0.053725,3366757324.0,94
2021-02-23,0.053698,0.053768,0.04241,0.047392,0.047392,2394345361.0,94
2021-02-24,0.047414,0.059873,0.046216,0.056555,0.056555,4148511571.0,76
2021-02-25,0.056615,0.05780800000000001,0.049869,0.050167,0.050167,2356982022.0,79
2021-02-26,0.050138,0.052472000000000005,0.048708,0.05048,0.05048,1694323466.0,55
2021-02-27,0.0505,0.05192000000000002,0.049297,0.050083,0.050083,1286229526.0,56
2021-02-28,0.050097,0.050134,0.045088,0.048052,0.048052,1408101260.0,55
2021-03-01,0.04807,0.051479,0.048029,0.050599,0.050599,1494427207.0,38
2021-03-02,0.050596,0.052382000000000005,0.049299,0.050262,0.050262,1346282318.0,78
2021-03-03,0.050278,0.052126,0.050078,0.050592000000000005,0.050592000000000005,1093877445.0,78
2021-03-04,0.050587,0.051087,0.047879000000000005,0.050048,0.050048,1170617084.0,84
2021-03-05,0.050028,0.050854,0.048147,0.049609,0.049609,1173113591.0,77
2021-03-06,0.049601,0.052397000000000006,0.049383,0.050984,0.050984,1480482384.0,77
2021-03-07,0.05098,0.052141,0.050572000000000006,0.052122,0.052122,945455832.0,76
2021-03-08,0.052123,0.061949,0.051672,0.061949,0.061949,3554150800.0,81
2021-03-09,0.062104,0.062268,0.056051,0.057998,0.057998,2466159943.0,81
2021-03-10,0.057964,0.058616,0.054692,0.056004,0.056004,1534489620.0,68
2021-03-11,0.055977,0.056698,0.054502,0.055918,0.055918,1233383425.0,73
2021-03-12,0.055921000000000005,0.05698,0.054513,0.055349,0.055349,1287767221.0,70
2021-03-13,0.055353,0.062432000000000015,0.054755999999999985,0.062432000000000015,0.062432000000000015,1869833076.0,74
2021-03-14,0.062384,0.063052,0.058592,0.058592,0.058592,2752132530.0,78
2021-03-15,0.058530999999999986,0.059689,0.055141,0.057088,0.057088,1738710876.0,76
2021-03-16,0.05708600000000001,0.058921,0.055493,0.05860700000000001,0.05860700000000001,1393771913.0,71
2021-03-17,0.05861,0.058866,0.056471,0.057653,0.057653,861926643.0,71
2021-03-18,0.05764,0.058828,0.054143,0.057383,0.057383,909777445.0,72
2021-03-19,0.057377,0.059721,0.056604,0.058328,0.058328,964747809.0,71
2021-03-20,0.058315,0.060639,0.05812000000000001,0.058961,0.058961,1012934488.0,75
2021-03-21,0.05897,0.059521,0.056798,0.057234,0.057234,759592996.0,73
2021-03-22,0.057259,0.05773200000000001,0.054909000000000006,0.054962,0.054962,696918565.0,70
2021-03-23,0.054941,0.056080999999999985,0.05294,0.053555999999999986,0.053555999999999986,1040781777.0,66
2021-03-24,0.053528,0.056494,0.051242,0.051702,0.051702,934537959.0,65
2021-03-25,0.051699,0.052407,0.049697000000000005,0.051448,0.051448,1084214116.0,60
2021-03-26,0.051433000000000006,0.054028,0.051331,0.053952,0.053952,776280028.0,54
2021-03-27,0.05394,0.055435000000000005,0.053528,0.054377,0.054377,753844053.0,65
2021-03-28,0.054380999999999985,0.054752,0.053013,0.053698,0.053698,460472975.0,74
2021-03-29,0.053678,0.054651,0.053175,0.054052,0.054052,537919140.0,72
2021-03-30,0.054052,0.055434,0.053697,0.0539,0.0539,728906171.0,72
2021-03-31,0.053902,0.054468,0.052269,0.053657,0.053657,653389282.0,76
2021-04-01,0.053655,0.070111,0.053644,0.061986,0.061986,5816046822.0,74
2021-04-02,0.061968,0.062249,0.057333,0.057664,0.057664,2166925111.0,74
2021-04-03,0.057658,0.059484,0.055804,0.055804,0.055804,1136931403.0,73
2021-04-04,0.055776,0.05810700000000001,0.055295,0.057404,0.057404,938035097.0,74
2021-04-05,0.057411,0.060153,0.056435,0.05969600000000001,0.05969600000000001,1513832721.0,71
2021-04-06,0.059689,0.06505,0.058094000000000014,0.064458,0.064458,2608613912.0,75
2021-04-07,0.064454,0.067299,0.057641,0.059028,0.059028,2857060849.0,72
2021-04-08,0.059036,0.061745,0.058817,0.061464,0.061464,1055257541.0,73
2021-04-09,0.061463,0.06391000000000001,0.060296,0.061684,0.061684,1060465774.0,70
2021-04-10,0.061591,0.065068,0.060818,0.063845,0.063845,1369793118.0,70
2021-04-11,0.063749,0.079243,0.063203,0.07464900000000001,0.07464900000000001,6646627317.0,76
2021-04-12,0.074544,0.074986,0.06888899999999999,0.070767,0.070767,2687720380.0,74
2021-04-13,0.07067799999999999,0.095181,0.07067799999999999,0.093445,0.093445,7176815090.0,74
2021-04-14,0.094256,0.14251,0.092452,0.121517,0.121517,20977679327.0,75
2021-04-15,0.121167,0.187326,0.120736,0.182207,0.182207,17916620386.0,79
2021-04-16,0.181587,0.4377,0.180488,0.36587,0.36587,69410680685.0,78
2021-04-17,0.366098,0.374455,0.236524,0.284173,0.284173,31413404067.0,76
2021-04-18,0.285105,0.349918,0.24644,0.320475,0.320475,23464350388.0,79
2021-04-19,0.320466,0.431751,0.30908,0.407318,0.407318,30641432779.0,74
2021-04-20,0.408435,0.422347,0.271618,0.3195,0.3195,28130646191.0,73
2021-04-21,0.31695300000000004,0.346966,0.297036,0.306925,0.306925,12723463706.0,73
2021-04-22,0.30599,0.308757,0.256276,0.260967,0.260967,11879823706.0,65
2021-04-23,0.261023,0.268378,0.163669,0.248509,0.248509,16165566164.0,55
2021-04-24,0.249544,0.28939000000000004,0.229891,0.270212,0.270212,11057578568.0,37
2021-04-25,0.269789,0.288771,0.2263010000000001,0.25111100000000003,0.25111100000000003,6849914675.0,31
2021-04-26,0.25124,0.280452,0.248026,0.270674,0.270674,5118886527.0,27
2021-04-27,0.271427,0.279629,0.264928,0.272188,0.272188,3590611310.0,50
2021-04-28,0.272273,0.344662,0.256231,0.323682,0.323682,14464343767.0,59
2021-04-29,0.323232,0.323881,0.296904,0.305169,0.305169,5027354503.0,52
2021-04-30,0.304702,0.33975700000000003,0.302981,0.337561,0.337561,5290390982.0,51
2021-05-01,0.337559,0.397135,0.32829,0.392987,0.392987,10123343703.0,68
2021-05-02,0.391087,0.400029,0.364874,0.376046,0.376046,8040406918.0,66
2021-05-03,0.373631,0.445567,0.373631,0.441707,0.441707,10526649978.0,61
2021-05-04,0.440274,0.6059979999999999,0.4008,0.541334,0.541334,38238126181.0,68
2021-05-05,0.537355,0.6952619999999999,0.523822,0.657633,0.657633,42525098292.0,48
2021-05-06,0.652842,0.663616,0.5451020000000001,0.580804,0.580804,18989900291.0,65
2021-05-07,0.58111,0.7319720000000001,0.520174,0.6847770000000001,0.6847770000000001,28615083657.0,64
2021-05-08,0.687801,0.737567,0.608168,0.6364390000000001,0.6364390000000001,25555125135.0,67
2021-05-09,0.6358199999999999,0.697625,0.425706,0.57007,0.57007,46138063928.0,73
2021-05-10,0.5696869999999999,0.5696869999999999,0.421291,0.449964,0.449964,16514521828.0,72
2021-05-11,0.450488,0.546651,0.445034,0.495231,0.495231,14566975476.0,61
2021-05-12,0.493742,0.519975,0.385376,0.385376,0.385376,8621337859.0,68
2021-05-13,0.392176,0.519461,0.357175,0.490374,0.490374,18663174069.0,31
2021-05-14,0.48707,0.5896899999999999,0.464622,0.559604,0.559604,20466177002.0,26
2021-05-15,0.559668,0.5626760000000001,0.491299,0.507972,0.507972,9836892944.0,27
2021-05-16,0.5079100000000001,0.548145,0.451023,0.514895,0.514895,9541552064.0,20
2021-05-17,0.513413,0.515221,0.458551,0.487892,0.487892,7330830504.0,27
2021-05-18,0.486954,0.515599,0.470384,0.476115,0.476115,4802902841.0,21
2021-05-19,0.4764350000000001,0.684735,0.218267,0.333123,0.333123,15072620946.0,23
2021-05-20,0.330252,0.433192,0.29625300000000004,0.400194,0.400194,12415484460.0,11
2021-05-21,0.398124,0.411975,0.314766,0.35938200000000003,0.35938200000000003,7452862203.0,19
2021-05-22,0.358717,0.360517,0.318169,0.342371,0.342371,5243222352.0,12
2021-05-23,0.342522,0.35086300000000004,0.249437,0.308071,0.308071,7143545371.0,14
2021-05-24,0.306715,0.371485,0.296291,0.366162,0.366162,6821088755.0,10
2021-05-25,0.366041,0.38001,0.323497,0.346302,0.346302,5544552739.0,22
2021-05-26,0.346396,0.36592,0.338857,0.353693,0.353693,3355793260.0,22
2021-05-27,0.353463,0.353463,0.328144,0.332945,0.332945,2485942309.0,27
2021-05-28,0.33365100000000003,0.347879,0.301518,0.311205,0.311205,3289455640.0,21
2021-05-29,0.311398,0.317919,0.281793,0.30311,0.30311,2470710737.0,18
2021-05-30,0.302969,0.310324,0.28768,0.302224,0.302224,1929947933.0,10
2021-05-31,0.301949,0.329163,0.29433000000000004,0.32581,0.32581,2440829325.0,18
