Date,Open,High,Low,Close,Adj Close,Volume
2018-02-01,0.5487390000000001,0.5952109999999999,0.45636800000000005,0.494309,0.494309,4141160.0
2018-02-02,0.49073599999999995,0.505027,0.387417,0.48419300000000004,0.48419300000000004,4875670.0
2018-02-03,0.49005,0.547605,0.45177,0.5471689999999999,0.5471689999999999,2779320.0
2018-02-04,0.546603,0.559884,0.43586800000000003,0.458629,0.458629,1863240.0
2018-02-05,0.45419,0.46638900000000005,0.346781,0.37185100000000004,0.37185100000000004,1535800.0
2018-02-06,0.37297399999999997,0.43378599999999995,0.303141,0.423742,0.423742,2425520.0
2018-02-07,0.42063199999999995,0.575947,0.390828,0.48489399999999994,0.48489399999999994,16431100.0
2018-02-08,0.48206800000000005,0.567904,0.48206800000000005,0.521468,0.521468,6071110.0
2018-02-09,0.5201399999999999,0.548453,0.453734,0.5371239999999999,0.5371239999999999,3850080.0
2018-02-10,0.536671,0.5752520000000001,0.50174,0.5326029999999999,0.5326029999999999,3551690.0
2018-02-11,0.534529,0.534529,0.478074,0.504301,0.504301,2156720.0
2018-02-12,0.507173,0.559609,0.503896,0.553764,0.553764,1650990.0
2018-02-13,0.554747,0.5712119999999999,0.530691,0.569681,0.569681,2934610.0
2018-02-14,0.563555,0.636591,0.562792,0.6285890000000001,0.6285890000000001,3316390.0
2018-02-15,0.627117,0.684175,0.621169,0.655898,0.655898,4233220.0
2018-02-16,0.6563479999999999,0.676884,0.617304,0.66884,0.66884,2606020.0
2018-02-17,0.675883,0.734701,0.661525,0.725695,0.725695,3071520.0
2018-02-18,0.710476,0.740855,0.639333,0.6832229999999999,0.6832229999999999,3783110.0
2018-02-19,0.6801010000000001,0.734015,0.674913,0.729018,0.729018,2899690.0
2018-02-20,0.728247,0.767051,0.70277,0.7148479999999999,0.7148479999999999,4708300.0
2018-02-21,0.715713,0.716029,0.618607,0.64768,0.64768,3778370.0
2018-02-22,0.647336,0.6728770000000001,0.562106,0.568438,0.568438,3503640.0
2018-02-23,0.568131,0.652483,0.553554,0.61057,0.61057,3327170.0
2018-02-24,0.610099,0.647115,0.54885,0.5660350000000001,0.5660350000000001,1946030.0
2018-02-25,0.5645939999999999,0.590584,0.5423060000000001,0.580548,0.580548,1451730.0
2018-02-26,0.580962,0.650515,0.562878,0.6275310000000001,0.6275310000000001,2221680.0
2018-02-27,0.629355,0.6826369999999999,0.626788,0.662371,0.662371,2822650.0
2018-02-28,0.661786,0.671614,0.6199319999999999,0.6199859999999999,0.6199859999999999,2646760.0
2018-03-01,0.620798,0.661846,0.6021489999999999,0.65164,0.65164,2266340.0
2018-03-02,0.652593,0.728839,0.625475,0.710345,0.710345,6245900.0
2018-03-03,0.704212,0.731079,0.687808,0.706799,0.706799,2930630.0
2018-03-04,0.702937,0.70604,0.659693,0.6826409999999999,0.6826409999999999,2432720.0
2018-03-05,0.6799390000000001,0.716893,0.674569,0.698451,0.698451,3028680.0
2018-03-06,0.692317,0.692317,0.626966,0.633247,0.633247,1355710.0
2018-03-07,0.6325430000000001,0.6779810000000001,0.554242,0.5933649999999999,0.5933649999999999,6680310.0
2018-03-08,0.592572,0.612328,0.54376,0.559474,0.559474,2127360.0
2018-03-09,0.556257,0.5678890000000001,0.48736,0.523884,0.523884,2956470.0
2018-03-10,0.523092,0.549642,0.482667,0.491935,0.491935,1481560.0
2018-03-11,0.48268199999999994,0.543158,0.46114399999999994,0.535778,0.535778,1291320.0
2018-03-12,0.5310050000000001,0.543416,0.453467,0.477729,0.477729,2336060.0
2018-03-13,0.476296,0.49508100000000005,0.45452200000000004,0.47880900000000004,0.47880900000000004,1191670.0
2018-03-14,0.47853900000000005,0.48944499999999996,0.374756,0.39229400000000003,0.39229400000000003,2196260.0
2018-03-15,0.39098,0.392361,0.34024,0.352748,0.352748,2287470.0
2018-03-16,0.35170300000000004,0.441284,0.33184600000000003,0.39619299999999996,0.39619299999999996,2661470.0
2018-03-17,0.396946,0.396946,0.33718899999999996,0.35082800000000003,0.35082800000000003,922619.0
2018-03-18,0.350111,0.362558,0.28994000000000003,0.356956,0.356956,1095520.0
2018-03-19,0.359541,0.385837,0.34783400000000003,0.372894,0.372894,1333930.0
2018-03-20,0.379271,0.446169,0.365958,0.440989,0.440989,1809640.0
2018-03-21,0.441532,0.45505,0.416367,0.42400200000000005,0.42400200000000005,1391320.0
2018-03-22,0.425511,0.43721400000000005,0.396868,0.4151,0.4151,895544.0
2018-03-23,0.415079,0.415079,0.36580799999999997,0.394336,0.394336,887331.0
2018-03-24,0.400333,0.40203099999999997,0.351906,0.374253,0.374253,2114840.0
2018-03-25,0.370977,0.382727,0.362714,0.366329,0.366329,959069.0
2018-03-26,0.36557199999999995,0.37148400000000004,0.329396,0.35194899999999996,0.35194899999999996,1293270.0
2018-03-27,0.35180700000000004,0.351961,0.290165,0.303176,0.303176,4910680.0
2018-03-28,0.302664,0.44437600000000005,0.291206,0.377766,0.377766,50936200.0
2018-03-29,0.37497600000000003,0.399919,0.28386999999999996,0.294536,0.294536,11234300.0
2018-03-30,0.29286,0.30345500000000003,0.265918,0.28337399999999996,0.28337399999999996,2442070.0
2018-03-31,0.283955,0.297475,0.273427,0.27511399999999997,0.27511399999999997,1272180.0
2018-04-01,0.276067,0.279018,0.24632600000000002,0.26108400000000004,0.26108400000000004,1960360.0
2018-04-02,0.262165,0.28912899999999997,0.26000999999999996,0.275683,0.275683,1877930.0
2018-04-03,0.276663,0.312291,0.27034400000000003,0.304268,0.304268,3038870.0
2018-04-04,0.304125,0.304293,0.261673,0.263981,0.263981,1307980.0
2018-04-05,0.26453000000000004,0.267962,0.25688,0.265171,0.265171,1172350.0
2018-04-06,0.26463000000000003,0.26524699999999996,0.24787800000000001,0.25352800000000003,0.25352800000000003,828012.0
2018-04-07,0.254488,0.273476,0.25303000000000003,0.270063,0.270063,784107.0
2018-04-08,0.270548,0.282482,0.269878,0.280987,0.280987,847468.0
2018-04-09,0.279758,0.295982,0.264423,0.270326,0.270326,1452940.0
2018-04-10,0.270395,0.27868200000000004,0.264425,0.277683,0.277683,1517440.0
2018-04-11,0.27807800000000005,0.289977,0.274625,0.287719,0.287719,1773170.0
2018-04-12,0.288036,0.322243,0.281265,0.322243,0.322243,2889620.0
2018-04-13,0.322141,0.35333600000000004,0.31256100000000003,0.333309,0.333309,4714290.0
2018-04-14,0.33277399999999996,0.37649699999999997,0.331665,0.36545500000000003,0.36545500000000003,11568300.0
2018-04-15,0.367136,0.39760999999999996,0.367136,0.39515500000000003,0.39515500000000003,5490900.0
2018-04-16,0.395192,0.40326999999999996,0.356364,0.372555,0.372555,3445780.0
2018-04-17,0.373227,0.388373,0.367167,0.38021900000000003,0.38021900000000003,6651730.0
2018-04-18,0.381208,0.42361099999999996,0.376116,0.418221,0.418221,6305230.0
2018-04-19,0.422343,0.45393500000000003,0.40374,0.43868999999999997,0.43868999999999997,9875910.0
2018-04-20,0.438663,0.47286000000000006,0.42827,0.46293900000000004,0.46293900000000004,7491080.0
2018-04-21,0.46286099999999997,0.46286099999999997,0.411154,0.449614,0.449614,3919690.0
2018-04-22,0.448855,0.5085529999999999,0.44138299999999997,0.49258599999999997,0.49258599999999997,8564680.0
2018-04-23,0.491435,0.521004,0.488205,0.516097,0.516097,5939680.0
2018-04-24,0.514196,0.578183,0.513807,0.570546,0.570546,7871980.0
2018-04-25,0.571561,0.581253,0.47153999999999996,0.48347299999999993,0.48347299999999993,8865750.0
2018-04-26,0.485442,0.554876,0.461189,0.5392560000000001,0.5392560000000001,18220200.0
2018-04-27,0.540243,0.568396,0.5210100000000001,0.542586,0.542586,8847840.0
2018-04-28,0.536607,0.6086600000000001,0.533931,0.584146,0.584146,26111800.0
2018-04-29,0.585746,0.5979180000000001,0.5357270000000001,0.5614140000000001,0.5614140000000001,13094200.0
2018-04-30,0.558241,0.579385,0.526672,0.528347,0.528347,8625560.0
2018-05-01,0.532734,0.53523,0.499169,0.53132,0.53132,5417100.0
2018-05-02,0.525414,0.5953189999999999,0.518953,0.57748,0.57748,18596700.0
2018-05-03,0.574534,0.5869989999999999,0.55008,0.554926,0.554926,15903500.0
2018-05-04,0.55443,0.559819,0.5235810000000001,0.548128,0.548128,6667280.0
2018-05-05,0.54802,0.556275,0.519942,0.531438,0.531438,5120360.0
2018-05-06,0.530772,0.5364180000000001,0.47908,0.506998,0.506998,4863900.0
2018-05-07,0.5069130000000001,0.5069130000000001,0.47324499999999997,0.489588,0.489588,2803050.0
2018-05-08,0.49054200000000003,0.517051,0.47437299999999993,0.492353,0.492353,3165210.0
2018-05-09,0.49055,0.49055,0.45746099999999995,0.477245,0.477245,3153080.0
2018-05-10,0.481041,0.501393,0.43345200000000006,0.43345200000000006,0.43345200000000006,5353590.0
2018-05-11,0.43428500000000003,0.448841,0.374846,0.383144,0.383144,5966160.0
2018-05-12,0.38347800000000004,0.40630700000000003,0.36544499999999996,0.403025,0.403025,2246720.0
2018-05-13,0.402019,0.43350200000000005,0.392276,0.4221,0.4221,2333420.0
2018-05-14,0.421371,0.423781,0.38764299999999996,0.404016,0.404016,2754630.0
2018-05-15,0.404281,0.407534,0.376758,0.378784,0.378784,1950810.0
2018-05-16,0.379258,0.382474,0.35473000000000005,0.375992,0.375992,2193980.0
2018-05-17,0.376925,0.47923599999999994,0.367707,0.41721499999999995,0.41721499999999995,25331800.0
2018-05-18,0.41630100000000003,0.460624,0.40660599999999997,0.43216099999999996,0.43216099999999996,12235700.0
2018-05-19,0.43191599999999997,0.439896,0.419152,0.43218,0.43218,2074290.0
2018-05-20,0.43279700000000004,0.464001,0.42694499999999996,0.44991400000000004,0.44991400000000004,2005070.0
2018-05-21,0.45021700000000003,0.45379899999999995,0.42823599999999995,0.44049499999999997,0.44049499999999997,1982450.0
2018-05-22,0.439413,0.465841,0.41229099999999996,0.41229099999999996,0.41229099999999996,4664690.0
2018-05-23,0.412332,0.414051,0.354249,0.369112,0.369112,2974660.0
2018-05-24,0.36830300000000005,0.383667,0.34763099999999997,0.376429,0.376429,1804280.0
2018-05-25,0.378424,0.388531,0.364266,0.369053,0.369053,1236290.0
2018-05-26,0.369203,0.37606,0.354125,0.357854,0.357854,1039180.0
2018-05-27,0.358283,0.363723,0.35251,0.357042,0.357042,774192.0
2018-05-28,0.35675300000000004,0.35675300000000004,0.32605500000000004,0.332443,0.332443,1042500.0
2018-05-29,0.331418,0.358267,0.31955300000000003,0.35176799999999997,0.35176799999999997,1068100.0
2018-05-30,0.35249400000000003,0.359892,0.327152,0.336793,0.336793,1261230.0
2018-05-31,0.336865,0.35942399999999997,0.33471599999999996,0.353979,0.353979,1016510.0
2018-06-01,0.352961,0.354612,0.332925,0.343511,0.343511,732847.0
2018-06-02,0.342677,0.36997399999999997,0.339418,0.365609,0.365609,1160780.0
2018-06-03,0.365784,0.36896,0.358088,0.35923,0.35923,805560.0
2018-06-04,0.359607,0.36449299999999996,0.33681300000000003,0.342945,0.342945,964070.0
2018-06-05,0.343085,0.347236,0.326135,0.342074,0.342074,841658.0
2018-06-06,0.34207600000000005,0.342391,0.32406,0.33616999999999997,0.33616999999999997,1174700.0
2018-06-07,0.336452,0.34246,0.32714899999999997,0.32943,0.32943,790975.0
2018-06-08,0.330131,0.339544,0.317747,0.330811,0.330811,626664.0
2018-06-09,0.331325,0.336542,0.31054699999999996,0.31054699999999996,0.31054699999999996,874260.0
2018-06-10,0.310287,0.310287,0.255417,0.26358400000000004,0.26358400000000004,1330100.0
2018-06-11,0.264072,0.273271,0.258184,0.272406,0.272406,745226.0
2018-06-12,0.271869,0.271869,0.240221,0.24217399999999997,0.24217399999999997,824535.0
2018-06-13,0.242743,0.243463,0.219915,0.22384600000000002,0.22384600000000002,825120.0
2018-06-14,0.22338000000000002,0.24511799999999997,0.222759,0.24126999999999998,0.24126999999999998,1161470.0
2018-06-15,0.24048000000000003,0.244846,0.228778,0.23000700000000002,0.23000700000000002,818134.0
2018-06-16,0.229446,0.23053600000000002,0.216092,0.22699699999999998,0.22699699999999998,795296.0
2018-06-17,0.227476,0.22825900000000002,0.217754,0.22086999999999998,0.22086999999999998,624186.0
2018-06-18,0.22045900000000002,0.22234,0.206798,0.217532,0.217532,1121080.0
2018-06-19,0.21765700000000002,0.246925,0.217167,0.242509,0.242509,2081130.0
2018-06-20,0.243061,0.24354299999999998,0.22026700000000002,0.23138899999999998,0.23138899999999998,1015230.0
2018-06-21,0.231417,0.233204,0.21653000000000003,0.21963600000000003,0.21963600000000003,817497.0
2018-06-22,0.21939899999999998,0.220871,0.186655,0.19530699999999998,0.19530699999999998,949096.0
2018-06-23,0.195346,0.20659299999999997,0.190022,0.19434300000000002,0.19434300000000002,740562.0
2018-06-24,0.19359300000000002,0.194417,0.164624,0.18099,0.18099,639821.0
2018-06-25,0.18062999999999999,0.190558,0.17541800000000002,0.188896,0.188896,764907.0
2018-06-26,0.188858,0.188858,0.176842,0.179005,0.179005,679300.0
2018-06-27,0.179369,0.180144,0.164445,0.174151,0.174151,626595.0
2018-06-28,0.174281,0.178002,0.160914,0.161982,0.161982,590336.0
2018-06-29,0.161389,0.17314000000000002,0.150883,0.171322,0.171322,665239.0
2018-06-30,0.17011500000000002,0.180178,0.166687,0.17357999999999998,0.17357999999999998,945529.0
2018-07-01,0.17258800000000002,0.182548,0.165579,0.174452,0.174452,988107.0
2018-07-02,0.175533,0.193181,0.168175,0.187554,0.187554,1334780.0
2018-07-03,0.18673599999999999,0.492547,0.185944,0.33009,0.33009,259956000.0
2018-07-04,0.30346100000000004,0.307898,0.220468,0.223579,0.223579,37065000.0
2018-07-05,0.222131,0.226305,0.187633,0.193414,0.193414,7956880.0
2018-07-06,0.19358699999999998,0.19358699999999998,0.17194700000000002,0.178011,0.178011,3582840.0
2018-07-07,0.177454,0.177649,0.164571,0.174501,0.174501,2452610.0
2018-07-08,0.174379,0.175701,0.161549,0.164438,0.164438,2634150.0
2018-07-09,0.165515,0.177142,0.160804,0.16483399999999998,0.16483399999999998,1273390.0
2018-07-10,0.164615,0.164615,0.14373,0.147641,0.147641,1228780.0
2018-07-11,0.147294,0.172128,0.143697,0.14673599999999998,0.14673599999999998,676551.0
2018-07-12,0.146568,0.155173,0.139203,0.149471,0.149471,1515920.0
2018-07-13,0.150372,0.150372,0.14290799999999998,0.14518499999999998,0.14518499999999998,740561.0
2018-07-14,0.144611,0.17949,0.141213,0.147617,0.147617,346993.0
2018-07-15,0.14735399999999998,0.150924,0.146351,0.14771900000000002,0.14771900000000002,380725.0
2018-07-16,0.14835399999999999,0.15902,0.146097,0.15902,0.15902,622235.0
2018-07-17,0.15867,0.17723,0.156948,0.171992,0.171992,1488870.0
2018-07-18,0.172368,0.186409,0.172368,0.175784,0.175784,1254670.0
2018-07-19,0.175178,0.175674,0.162184,0.166527,0.166527,1743090.0
2018-07-20,0.16728099999999999,0.16851,0.14923499999999998,0.150741,0.150741,836507.0
2018-07-21,0.152568,0.154587,0.14366600000000002,0.14993199999999998,0.14993199999999998,480152.0
2018-07-22,0.149347,0.152871,0.147234,0.14895899999999998,0.14895899999999998,518759.0
2018-07-23,0.149177,0.180372,0.148194,0.16376300000000002,0.16376300000000002,3253590.0
2018-07-24,0.163876,0.17542,0.159886,0.170443,0.170443,3584690.0
2018-07-25,0.167504,0.171482,0.159314,0.164231,0.164231,929699.0
2018-07-26,0.1642,0.174619,0.157887,0.160419,0.160419,1104580.0
2018-07-27,0.16029000000000002,0.166796,0.155334,0.16334300000000002,0.16334300000000002,545011.0
2018-07-28,0.163512,0.17068699999999998,0.16278199999999998,0.166965,0.166965,577656.0
2018-07-29,0.169945,0.179064,0.16849,0.17654,0.17654,1428950.0
2018-07-30,0.176118,0.17649600000000001,0.157227,0.166804,0.166804,690864.0
2018-07-31,0.167417,0.167417,0.148397,0.149306,0.149306,545799.0
2018-08-01,0.149646,0.14995899999999998,0.137043,0.138759,0.138759,517903.0
2018-08-02,0.13915999999999998,0.140185,0.126692,0.12801099999999999,0.12801099999999999,825977.0
2018-08-03,0.127994,0.142923,0.11963599999999999,0.128962,0.128962,1250080.0
2018-08-04,0.129591,0.131659,0.11793,0.12134,0.12134,316681.0
2018-08-05,0.121313,0.146026,0.119831,0.141005,0.141005,2046450.0
2018-08-06,0.140495,0.147275,0.129127,0.131338,0.131338,773938.0
2018-08-07,0.131201,0.13976,0.123899,0.12414800000000001,0.12414800000000001,424229.0
2018-08-08,0.12410999999999998,0.12410999999999998,0.108346,0.108403,0.108403,295938.0
2018-08-09,0.10805,0.118408,0.10805,0.11566199999999999,0.11566199999999999,273900.0
2018-08-10,0.11516900000000001,0.11574300000000001,0.10532899999999999,0.10637100000000001,0.10637100000000001,278445.0
2018-08-11,0.10623900000000001,0.10808599999999999,0.09979099999999999,0.10531199999999999,0.10531199999999999,307150.0
2018-08-12,0.10497000000000001,0.10601600000000001,0.102211,0.103177,0.103177,111559.0
2018-08-13,0.103146,0.107857,0.088925,0.08983,0.08983,472279.0
2018-08-14,0.090518,0.090518,0.078715,0.088783,0.088783,437418.0
2018-08-15,0.089278,0.10635499999999999,0.088371,0.094337,0.094337,558494.0
2018-08-16,0.093468,0.098987,0.09181,0.09435700000000001,0.09435700000000001,255017.0
2018-08-17,0.094075,0.10793900000000001,0.09349500000000001,0.105925,0.105925,489715.0
2018-08-18,0.10626300000000001,0.10774,0.095654,0.09798,0.09798,343839.0
2018-08-19,0.09800199999999999,0.102443,0.096934,0.101009,0.101009,212112.0
2018-08-20,0.10106,0.10492,0.09648999999999999,0.096843,0.096843,234563.0
2018-08-21,0.096388,0.100717,0.095887,0.09754299999999999,0.09754299999999999,141585.0
2018-08-22,0.097588,0.103099,0.087603,0.089154,0.089154,256546.0
2018-08-23,0.08913099999999999,0.094296,0.087637,0.093223,0.093223,214915.0
2018-08-24,0.092387,0.09756000000000001,0.09083200000000001,0.095586,0.095586,279999.0
2018-08-25,0.0955,0.101704,0.0955,0.099757,0.099757,261659.0
2018-08-26,0.099963,0.10338199999999999,0.095833,0.101763,0.101763,232880.0
2018-08-27,0.101717,0.113355,0.101013,0.106359,0.106359,352438.0
2018-08-28,0.10649600000000001,0.109831,0.105277,0.109831,0.109831,308740.0
2018-08-29,0.109911,0.109911,0.102851,0.10510599999999999,0.10510599999999999,291474.0
2018-08-30,0.105244,0.105946,0.099665,0.102826,0.102826,281484.0
2018-08-31,0.10278499999999999,0.108645,0.102207,0.105341,0.105341,316980.0
2018-09-01,0.105244,0.11546,0.105244,0.11423599999999999,0.11423599999999999,457544.0
2018-09-02,0.114123,0.126132,0.113229,0.121163,0.121163,1020090.0
2018-09-03,0.120932,0.121998,0.11472,0.120446,0.120446,464193.0
2018-09-04,0.120459,0.12066800000000001,0.115543,0.11928299999999999,0.11928299999999999,484993.0
2018-09-05,0.119571,0.12058599999999998,0.09654,0.09654,0.09654,522791.0
2018-09-06,0.096412,0.097254,0.08771,0.096837,0.096837,336899.0
2018-09-07,0.09702899999999999,0.098231,0.09170299999999999,0.093979,0.093979,141252.0
2018-09-08,0.09396499999999999,0.09439199999999999,0.080607,0.081187,0.081187,425676.0
2018-09-09,0.08103300000000001,0.085351,0.080059,0.08211,0.08211,157217.0
2018-09-10,0.081844,0.084316,0.077418,0.079337,0.079337,348561.0
2018-09-11,0.07948,0.084036,0.073028,0.078664,0.078664,405174.0
2018-09-12,0.077319,0.080219,0.072474,0.07993099999999999,0.07993099999999999,309087.0
2018-09-13,0.079962,0.086012,0.077821,0.08404400000000001,0.08404400000000001,306755.0
2018-09-14,0.08377000000000001,0.08462,0.077752,0.080036,0.080036,302495.0
2018-09-15,0.080208,0.082669,0.07911699999999999,0.079986,0.079986,191321.0
2018-09-16,0.080487,0.085261,0.079226,0.084214,0.084214,367666.0
2018-09-17,0.084689,0.087128,0.076903,0.077282,0.077282,302271.0
2018-09-18,0.077463,0.093051,0.07694,0.083462,0.083462,1596310.0
2018-09-19,0.08327999999999999,0.08327999999999999,0.07884,0.08187,0.08187,415714.0
2018-09-20,0.082094,0.085628,0.081729,0.08542899999999999,0.08542899999999999,248220.0
2018-09-21,0.085366,0.090813,0.084617,0.090813,0.090813,448466.0
2018-09-22,0.09096599999999999,0.091709,0.08553200000000001,0.088193,0.088193,401955.0
2018-09-23,0.087915,0.09351,0.0871,0.09085800000000001,0.09085800000000001,354136.0
2018-09-24,0.090946,0.09890299999999999,0.089435,0.09079,0.09079,875402.0
2018-09-25,0.09055,0.09178,0.08369700000000001,0.086349,0.086349,455929.0
2018-09-26,0.086323,0.08944099999999999,0.084074,0.087348,0.087348,254358.0
2018-09-27,0.08720399999999999,0.09274600000000001,0.08677,0.091178,0.091178,393574.0
2018-09-28,0.091494,0.092073,0.087325,0.089202,0.089202,214540.0
2018-09-29,0.089119,0.093399,0.086935,0.09251000000000001,0.09251000000000001,221918.0
2018-09-30,0.092335,0.097942,0.089706,0.09145,0.09145,836800.0
2018-10-01,0.091186,0.10172300000000001,0.090799,0.09590499999999999,0.09590499999999999,1370290.0
2018-10-02,0.095596,0.100991,0.094161,0.097175,0.097175,802074.0
2018-10-03,0.096341,0.096751,0.091926,0.092943,0.092943,271154.0
2018-10-04,0.093319,0.09537899999999999,0.092738,0.09486699999999999,0.09486699999999999,177573.0
2018-10-05,0.09534400000000001,0.095446,0.092894,0.093331,0.093331,214046.0
2018-10-06,0.09350800000000001,0.0971,0.09277200000000001,0.095229,0.095229,266015.0
2018-10-07,0.095742,0.096589,0.093159,0.09367400000000001,0.09367400000000001,201556.0
2018-10-08,0.093459,0.09818400000000001,0.092388,0.096384,0.096384,258500.0
2018-10-09,0.097059,0.09719,0.093059,0.094843,0.094843,276187.0
2018-10-10,0.094432,0.09573200000000001,0.089354,0.095519,0.095519,412974.0
2018-10-11,0.095526,0.0956,0.084825,0.085481,0.085481,759437.0
2018-10-12,0.085461,0.089852,0.084872,0.08780700000000001,0.08780700000000001,232598.0
2018-10-13,0.088268,0.090396,0.087086,0.08971900000000001,0.08971900000000001,217350.0
2018-10-14,0.090005,0.096548,0.088433,0.088529,0.088529,829255.0
2018-10-15,0.088687,0.10508699999999999,0.088151,0.098373,0.098373,1304690.0
2018-10-16,0.098188,0.098412,0.095399,0.09818500000000001,0.09818500000000001,443689.0
2018-10-17,0.09826900000000001,0.099951,0.097037,0.097709,0.097709,395281.0
2018-10-18,0.097803,0.098129,0.092007,0.09327200000000001,0.09327200000000001,339698.0
2018-10-19,0.09328099999999999,0.094872,0.092624,0.09367,0.09367,112524.0
2018-10-20,0.093563,0.09980399999999999,0.093211,0.098303,0.098303,461523.0
2018-10-21,0.09819299999999999,0.10528599999999999,0.09817000000000001,0.100982,0.100982,930929.0
2018-10-22,0.101,0.101,0.09494,0.096705,0.096705,705994.0
2018-10-23,0.09676900000000001,0.09951900000000001,0.094965,0.097345,0.097345,613581.0
2018-10-24,0.09711900000000001,0.09994299999999999,0.09711900000000001,0.09954299999999999,0.09954299999999999,349141.0
2018-10-25,0.09954199999999999,0.10337,0.097218,0.10293900000000002,0.10293900000000002,742631.0
2018-10-26,0.10271300000000001,0.10760399999999999,0.09790399999999999,0.098483,0.098483,512509.0
2018-10-27,0.09813200000000001,0.09907300000000001,0.09464700000000001,0.09587799999999999,0.09587799999999999,384944.0
2018-10-28,0.09662799999999999,0.097822,0.09516799999999999,0.096299,0.096299,273317.0
2018-10-29,0.095884,0.104413,0.088252,0.089094,0.089094,551941.0
2018-10-30,0.089183,0.094871,0.087574,0.09217,0.09217,526528.0
2018-10-31,0.092714,0.094751,0.091073,0.093025,0.093025,587449.0
2018-11-01,0.093084,0.097071,0.093084,0.09424600000000001,0.09424600000000001,495914.0
2018-11-02,0.09401799999999999,0.09497699999999999,0.09213500000000001,0.09286,0.09286,241520.0
2018-11-03,0.093501,0.09397,0.091431,0.09163099999999999,0.09163099999999999,188586.0
2018-11-04,0.09174199999999999,0.09264299999999999,0.089518,0.09264299999999999,0.09264299999999999,202332.0
2018-11-05,0.092542,0.092659,0.090475,0.090954,0.090954,167856.0
2018-11-06,0.091558,0.091821,0.08736000000000001,0.089864,0.089864,425654.0
2018-11-07,0.089901,0.092098,0.088543,0.089653,0.089653,307129.0
2018-11-08,0.089588,0.091132,0.087635,0.088138,0.088138,382378.0
2018-11-09,0.088186,0.091277,0.087625,0.088464,0.088464,307804.0
2018-11-10,0.08853899999999999,0.092325,0.086758,0.089936,0.089936,500156.0
2018-11-11,0.090183,0.093167,0.088311,0.091865,0.091865,556594.0
2018-11-12,0.092432,0.092695,0.088344,0.08895800000000001,0.08895800000000001,240844.0
2018-11-13,0.088601,0.089119,0.086381,0.08659700000000001,0.08659700000000001,138580.0
2018-11-14,0.086365,0.086365,0.067243,0.072851,0.072851,446874.0
2018-11-15,0.07332000000000001,0.07332000000000001,0.064047,0.068463,0.068463,354485.0
2018-11-16,0.068592,0.068976,0.065713,0.06839500000000001,0.06839500000000001,151232.0
2018-11-17,0.068242,0.068242,0.063404,0.063946,0.063946,235123.0
2018-11-18,0.064174,0.06604,0.063834,0.065087,0.065087,183477.0
2018-11-19,0.064823,0.064823,0.04948,0.049772000000000004,0.049772000000000004,346100.0
2018-11-20,0.049173,0.050627,0.039082,0.042572000000000006,0.042572000000000006,675894.0
2018-11-21,0.042512,0.053639,0.041344,0.053639,0.053639,599061.0
2018-11-22,0.053230999999999994,0.053967999999999995,0.042447000000000006,0.042549000000000003,0.042549000000000003,185408.0
2018-11-23,0.042226,0.042682,0.038914,0.040307,0.040307,182516.0
2018-11-24,0.040286,0.041433,0.033637,0.034970999999999995,0.034970999999999995,140033.0
2018-11-25,0.034989,0.038248000000000004,0.031892000000000004,0.036786,0.036786,179250.0
2018-11-26,0.036754,0.039205000000000004,0.034837,0.036498,0.036498,474193.0
2018-11-27,0.036378,0.038027,0.035127,0.037598,0.037598,125432.0
2018-11-28,0.03778,0.043762,0.03778,0.041596,0.041596,219419.0
2018-11-29,0.041753,0.043887,0.039869,0.041892,0.041892,167867.0
2018-11-30,0.041824,0.042193,0.038255000000000004,0.040404,0.040404,222608.0
2018-12-01,0.040514999999999995,0.043504,0.038744,0.042317,0.042317,196526.0
2018-12-02,0.042314,0.043265,0.041425,0.041723,0.041723,161394.0
2018-12-03,0.04214,0.04448,0.038817000000000004,0.039932,0.039932,397809.0
2018-12-04,0.040177,0.043837,0.039171,0.042105000000000004,0.042105000000000004,191057.0
2018-12-05,0.042154000000000004,0.042347,0.0379,0.037958,0.037958,143756.0
2018-12-06,0.037853,0.038702,0.034133,0.034133,0.034133,90098.0
2018-12-07,0.034210000000000004,0.034210000000000004,0.0309,0.032878,0.032878,109234.0
2018-12-08,0.032699,0.034098,0.031704,0.033143,0.033143,108830.0
2018-12-09,0.033061,0.034808,0.032213,0.034019,0.034019,150918.0
2018-12-10,0.034005,0.034394,0.032445,0.03273,0.03273,76125.0
2018-12-11,0.032694,0.032694,0.030264999999999997,0.030747000000000003,0.030747000000000003,100580.0
2018-12-12,0.030708999999999997,0.03192,0.030674,0.031396,0.031396,75470.0
2018-12-13,0.031432,0.038323,0.029006,0.035012,0.035012,792632.0
2018-12-14,0.035127,0.047532,0.034908999999999996,0.045641,0.045641,7314543.0
2018-12-15,0.045758,0.051509000000000006,0.042754,0.044114999999999994,0.044114999999999994,3641905.0
2018-12-16,0.04378,0.045638,0.041705,0.042809,0.042809,987023.0
2018-12-17,0.042898,0.050773,0.042699,0.048431999999999996,0.048431999999999996,1980900.0
2018-12-18,0.048527999999999995,0.048527999999999995,0.044502999999999994,0.047481,0.047481,677480.0
2018-12-19,0.047675999999999996,0.05024,0.044937,0.044937,0.044937,400761.0
2018-12-20,0.044555000000000004,0.050766000000000006,0.044511,0.048558,0.048558,348235.0
2018-12-21,0.048267000000000004,0.052515,0.046626,0.048056,0.048056,467035.0
2018-12-22,0.048233,0.048233,0.045491000000000004,0.047952999999999996,0.047952999999999996,265526.0
2018-12-23,0.048036,0.05041,0.046777,0.047258,0.047258,198586.0
2018-12-24,0.047244,0.052075,0.047244,0.048839999999999995,0.048839999999999995,212494.0
2018-12-25,0.04895,0.04895,0.04274,0.0439,0.0439,157068.0
2018-12-26,0.0439,0.045249,0.042789999999999995,0.044998,0.044998,105511.0
2018-12-27,0.044975,0.048008999999999996,0.042145999999999996,0.042981,0.042981,412592.0
2018-12-28,0.043057,0.048673,0.043057,0.047309,0.047309,369607.0
2018-12-29,0.047567,0.056052,0.046986,0.048482,0.048482,891093.0
2018-12-30,0.048826999999999995,0.053663999999999996,0.048826999999999995,0.050611,0.050611,829123.0
2018-12-31,0.050286000000000004,0.050801,0.045749,0.045904,0.045904,209823.0
2019-01-01,0.046015,0.047682,0.045502,0.047389,0.047389,147925.0
2019-01-02,0.04759,0.048055,0.046313,0.047386000000000005,0.047386000000000005,223523.0
2019-01-03,0.047412,0.051990999999999996,0.046179000000000005,0.048228,0.048228,540892.0
2019-01-04,0.048065,0.048083999999999995,0.046337,0.048073000000000005,0.048073000000000005,150785.0
2019-01-05,0.047932999999999996,0.048369,0.046332,0.046456,0.046456,107918.0
2019-01-06,0.046431,0.049395,0.046339,0.048982,0.048982,115588.0
2019-01-07,0.049044,0.050358,0.048035,0.050294,0.050294,289581.0
2019-01-08,0.051935,0.052422,0.04937,0.049562,0.049562,359715.0
2019-01-09,0.049651,0.050624,0.048438,0.048438,0.048438,154628.0
2019-01-10,0.04849,0.049972,0.041805,0.042233,0.042233,260405.0
2019-01-11,0.042145,0.042793,0.041658999999999995,0.042024,0.042024,74316.0
2019-01-12,0.042013999999999996,0.042031,0.04073,0.041818,0.041818,128077.0
2019-01-13,0.041817,0.042455,0.038227,0.038452999999999994,0.038452999999999994,196754.0
2019-01-14,0.038489999999999996,0.0417,0.038299,0.041067,0.041067,175410.0
2019-01-15,0.041049,0.048708,0.040619999999999996,0.041511,0.041511,1682823.0
2019-01-16,0.041328,0.042277999999999996,0.040764999999999996,0.041276,0.041276,280024.0
2019-01-17,0.041214,0.045321,0.041138,0.043924,0.043924,635719.0
2019-01-18,0.04373,0.0456,0.042168000000000004,0.042435,0.042435,367466.0
2019-01-19,0.042419,0.045536,0.042337,0.044247,0.044247,194612.0
2019-01-20,0.044361000000000005,0.044650999999999996,0.041537,0.043951,0.043951,301612.0
2019-01-21,0.043809,0.047598,0.043183,0.043989,0.043989,691266.0
2019-01-22,0.044097000000000004,0.044554,0.041693,0.043713999999999996,0.043713999999999996,186386.0
2019-01-23,0.043718,0.044093,0.042552,0.042852,0.042852,137798.0
2019-01-24,0.042845,0.048060000000000005,0.04195,0.044525999999999996,0.044525999999999996,825683.0
2019-01-25,0.044746,0.045182,0.043414999999999995,0.044321,0.044321,171135.0
2019-01-26,0.044287,0.045219999999999996,0.043863,0.044619,0.044619,130355.0
2019-01-27,0.044521,0.047206,0.042197000000000005,0.044344999999999996,0.044344999999999996,446352.0
2019-01-28,0.04439,0.044494,0.041055,0.041936,0.041936,313632.0
2019-01-29,0.041949,0.042248,0.040388,0.041374,0.041374,127485.0
2019-01-30,0.041301,0.04256,0.040949,0.042207999999999996,0.042207999999999996,78821.0
2019-01-31,0.042161000000000004,0.042573,0.040964999999999994,0.041245,0.041245,108500.0
2019-02-01,0.041282,0.042688,0.040501999999999996,0.042397000000000004,0.042397000000000004,83037.0
2019-02-02,0.042224,0.042821,0.041556,0.042089999999999995,0.042089999999999995,100233.0
2019-02-03,0.04214,0.042641000000000005,0.041703,0.042183,0.042183,96398.0
2019-02-04,0.042292,0.043919,0.041814,0.043556,0.043556,214196.0
2019-02-05,0.043460000000000006,0.043680000000000004,0.041761,0.042054,0.042054,175504.0
2019-02-06,0.042345999999999995,0.042369,0.038074000000000004,0.038087,0.038087,285278.0
2019-02-07,0.038199000000000004,0.041837,0.037999,0.039401,0.039401,514283.0
2019-02-08,0.039411,0.0426,0.038844,0.041559,0.041559,216948.0
2019-02-09,0.041538,0.04348,0.041025,0.042293,0.042293,217151.0
2019-02-10,0.04224,0.042795,0.041629,0.042787,0.042787,72108.0
2019-02-11,0.042758,0.042758,0.041714,0.041888999999999996,0.041888999999999996,87117.0
2019-02-12,0.041905,0.041905,0.040812,0.041053,0.041053,76217.0
2019-02-13,0.041042,0.041566000000000006,0.040457,0.040748,0.040748,100868.0
2019-02-14,0.040773000000000004,0.04118,0.039997000000000005,0.040379000000000005,0.040379000000000005,97606.0
2019-02-15,0.040464,0.041891000000000005,0.040218000000000004,0.040727,0.040727,96836.0
2019-02-16,0.04065,0.042929,0.04035,0.042295,0.042295,272334.0
2019-02-17,0.042229,0.047318,0.041955,0.044579,0.044579,921464.0
2019-02-18,0.044355,0.046136,0.044355,0.044815,0.044815,313689.0
2019-02-19,0.044793,0.059629999999999996,0.044793,0.049866,0.049866,4160467.0
2019-02-20,0.049572000000000005,0.056497000000000006,0.048129000000000005,0.054706,0.054706,1295686.0
2019-02-21,0.054741,0.063348,0.054340999999999993,0.056339,0.056339,2728394.0
2019-02-22,0.05625700000000001,0.056579,0.053649,0.054608000000000004,0.054608000000000004,419779.0
2019-02-23,0.054535,0.055633,0.053561000000000004,0.054029999999999995,0.054029999999999995,291461.0
2019-02-24,0.053842999999999995,0.056226,0.046008999999999994,0.046879000000000004,0.046879000000000004,657061.0
2019-02-25,0.046818,0.048927,0.046747000000000004,0.048257999999999995,0.048257999999999995,196375.0
2019-02-26,0.048132999999999995,0.050918,0.046981,0.049155000000000004,0.049155000000000004,441041.0
2019-02-27,0.049075,0.053687,0.048479,0.051131,0.051131,1090018.0
2019-02-28,0.051181,0.051713999999999996,0.048558,0.049484,0.049484,370507.0
2019-03-01,0.049467000000000004,0.051179,0.049444999999999996,0.050352999999999995,0.050352999999999995,181767.0
2019-03-02,0.050084,0.051698,0.049792,0.050169,0.050169,205170.0
2019-03-03,0.050112000000000004,0.051764,0.049285,0.050693,0.050693,335990.0
2019-03-04,0.050539,0.05166799999999999,0.048510000000000005,0.049292,0.049292,347035.0
2019-03-05,0.049439,0.052575,0.04911,0.052487,0.052487,357931.0
2019-03-06,0.052413,0.056260000000000004,0.051661,0.054588,0.054588,831572.0
2019-03-07,0.054822,0.058202,0.05416900000000001,0.054665,0.054665,611918.0
2019-03-08,0.054738,0.055061,0.053375,0.05391900000000001,0.05391900000000001,213909.0
2019-03-09,0.053939999999999995,0.056396,0.053833000000000006,0.056066,0.056066,238857.0
2019-03-10,0.056119,0.05726799999999999,0.054459,0.05500700000000001,0.05500700000000001,167185.0
2019-03-11,0.055053,0.055486,0.05126699999999999,0.05237000000000001,0.05237000000000001,288209.0
2019-03-12,0.052421,0.067298,0.051068,0.054638,0.054638,2032891.0
2019-03-13,0.054707000000000006,0.056870000000000004,0.053353,0.055724,0.055724,517183.0
2019-03-14,0.055649000000000004,0.055803,0.054623000000000005,0.055491,0.055491,237890.0
2019-03-15,0.055488,0.056778999999999996,0.055153,0.056195,0.056195,287501.0
2019-03-16,0.056361,0.057575,0.055815,0.05695700000000001,0.05695700000000001,323866.0
2019-03-17,0.056767,0.05794,0.056264,0.057333,0.057333,221972.0
2019-03-18,0.057464,0.061121,0.056025,0.05776,0.05776,1037986.0
2019-03-19,0.057620000000000005,0.060164999999999996,0.05749,0.057925,0.057925,641108.0
2019-03-20,0.05794,0.060948,0.057054999999999995,0.059882000000000005,0.059882000000000005,760404.0
2019-03-21,0.059957,0.06111799999999999,0.05599199999999999,0.058227999999999995,0.058227999999999995,408650.0
2019-03-22,0.058099,0.059864999999999995,0.057937999999999996,0.059349,0.059349,215920.0
2019-03-23,0.05935700000000001,0.059871,0.05832999999999999,0.058628,0.058628,176539.0
2019-03-24,0.058567999999999995,0.059387999999999996,0.057498,0.057647000000000004,0.057647000000000004,411268.0
2019-03-25,0.057701,0.059567999999999996,0.055923,0.057747,0.057747,895849.0
2019-03-26,0.057852999999999995,0.06276,0.056872000000000006,0.058070000000000004,0.058070000000000004,2170206.0
2019-03-27,0.058148000000000005,0.06311,0.058066999999999994,0.06311,0.06311,649721.0
2019-03-28,0.06311,0.06466000000000001,0.061098,0.064653,0.064653,647202.0
2019-03-29,0.06465900000000001,0.074265,0.062761,0.066214,0.066214,3378651.0
2019-03-30,0.066067,0.067721,0.061676999999999996,0.064624,0.064624,722443.0
2019-03-31,0.064624,0.06483,0.060338,0.06325499999999999,0.06325499999999999,1283325.0
2019-04-01,0.063229,0.064006,0.06242,0.063349,0.063349,299078.0
2019-04-02,0.063348,0.068383,0.060077,0.067662,0.067662,915611.0
2019-04-03,0.067492,0.074228,0.062202,0.064197,0.064197,1491178.0
2019-04-04,0.064195,0.069488,0.06337899999999999,0.067825,0.067825,907030.0
2019-04-05,0.067824,0.068852,0.067347,0.068247,0.068247,238362.0
2019-04-06,0.06832300000000001,0.06915199999999999,0.065072,0.065795,0.065795,473447.0
2019-04-07,0.065515,0.068734,0.065438,0.066841,0.066841,429476.0
2019-04-08,0.066828,0.067521,0.062274,0.063948,0.063948,651638.0
2019-04-09,0.063948,0.063966,0.060275,0.062340999999999994,0.062340999999999994,340944.0
2019-04-10,0.062325,0.066997,0.061002,0.061002,0.061002,631240.0
2019-04-11,0.061326,0.062488999999999996,0.052601,0.060945000000000006,0.060945000000000006,832195.0
2019-04-12,0.060945000000000006,0.061875,0.055767,0.057822000000000005,0.057822000000000005,539160.0
2019-04-13,0.057772000000000004,0.058708,0.056424,0.057039,0.057039,182461.0
2019-04-14,0.057039,0.060614999999999995,0.056586000000000004,0.059862,0.059862,254343.0
2019-04-15,0.059862,0.061844,0.056093,0.057313,0.057313,335333.0
2019-04-16,0.057314,0.058834000000000004,0.057135000000000005,0.058002,0.058002,155739.0
2019-04-17,0.057999,0.058496000000000006,0.056682,0.058086,0.058086,179569.0
2019-04-18,0.058086,0.061112,0.057844000000000007,0.060235000000000004,0.060235000000000004,211145.0
2019-04-19,0.060195000000000005,0.061904999999999995,0.059395,0.059891999999999994,0.059891999999999994,261413.0
2019-04-20,0.059909000000000004,0.060776,0.059021000000000004,0.059645000000000004,0.059645000000000004,139095.0
2019-04-21,0.059645000000000004,0.05996900000000001,0.057437,0.058554999999999996,0.058554999999999996,128521.0
2019-04-22,0.058492999999999996,0.06302,0.05796900000000001,0.059996,0.059996,494397.0
2019-04-23,0.059996,0.060953999999999994,0.057752,0.058170000000000006,0.058170000000000006,272279.0
2019-04-24,0.058152999999999996,0.06383,0.05630399999999999,0.05885700000000001,0.05885700000000001,1026658.0
2019-04-25,0.058866999999999996,0.059586,0.05425599999999999,0.055143,0.055143,239497.0
2019-04-26,0.055313,0.055917999999999995,0.051996,0.053079999999999995,0.053079999999999995,211662.0
2019-04-27,0.053111,0.059424,0.05284199999999999,0.054846000000000006,0.054846000000000006,96349.0
2019-04-28,0.054857,0.05563,0.054237,0.054611,0.054611,80409.0
2019-04-29,0.054639,0.054639,0.050476,0.050768,0.050768,161206.0
2019-04-30,0.050769,0.053555,0.050395,0.053308,0.053308,160073.0
2019-05-01,0.053301,0.056361,0.053249,0.055866,0.055866,228530.0
2019-05-02,0.055878,0.06109,0.055777999999999994,0.057116999999999994,0.057116999999999994,980612.0
2019-05-03,0.057116999999999994,0.058327,0.056475,0.057259000000000004,0.057259000000000004,306793.0
2019-05-04,0.057259000000000004,0.06424099999999999,0.05673400000000001,0.058334000000000004,0.058334000000000004,764144.0
2019-05-05,0.058339999999999996,0.059836,0.05767100000000001,0.059403,0.059403,273885.0
2019-05-06,0.059373,0.065059,0.0584,0.062352,0.062352,813398.0
2019-05-07,0.062332000000000005,0.063552,0.059845,0.059987,0.059987,397251.0
2019-05-08,0.059895000000000004,0.099475,0.059056,0.062787,0.062787,464520.0
2019-05-09,0.062787,0.063317,0.059895000000000004,0.060458000000000005,0.060458000000000005,347196.0
2019-05-10,0.060435,0.063052,0.056402999999999995,0.057392,0.057392,636110.0
2019-05-11,0.057561,0.06001,0.055629,0.058135,0.058135,887657.0
2019-05-12,0.057828,0.058626,0.052283,0.053138,0.053138,410507.0
2019-05-13,0.053138,0.057419000000000005,0.051275,0.052436,0.052436,868130.0
2019-05-14,0.052476999999999996,0.056025,0.050858,0.054977,0.054977,803475.0
2019-05-15,0.054964,0.061036,0.053473,0.060766999999999995,0.060766999999999995,840904.0
2019-05-16,0.060689,0.064596,0.055524000000000004,0.058765,0.058765,965494.0
2019-05-17,0.058852999999999996,0.062282000000000004,0.053045,0.061509,0.061509,1341824.0
2019-05-18,0.061509,0.07091499999999999,0.060118,0.06665,0.06665,1815574.0
2019-05-19,0.06691,0.083004,0.066678,0.073423,0.073423,3877931.0
2019-05-20,0.073491,0.073491,0.067636,0.068771,0.068771,927659.0
2019-05-21,0.068758,0.07470299999999999,0.067579,0.071094,0.071094,1611016.0
2019-05-22,0.071077,0.077721,0.068372,0.07247999999999999,0.07247999999999999,1121470.0
2019-05-23,0.072388,0.077178,0.067763,0.072907,0.072907,1190045.0
2019-05-24,0.072918,0.074831,0.068344,0.069619,0.069619,672778.0
2019-05-25,0.069619,0.071394,0.069194,0.069634,0.069634,372506.0
2019-05-26,0.069569,0.074621,0.068189,0.071145,0.071145,929295.0
2019-05-27,0.07117000000000001,0.071653,0.067636,0.07117000000000001,0.07117000000000001,754817.0
2019-05-28,0.071135,0.071724,0.06733099999999999,0.068356,0.068356,693183.0
2019-05-29,0.068391,0.08730800000000001,0.065402,0.080938,0.080938,2488386.0
2019-05-30,0.080801,0.080801,0.063854,0.067344,0.067344,1657122.0
2019-05-31,0.067344,0.11365499999999999,0.065161,0.070908,0.070908,1286577.0
2019-06-01,0.070989,0.080203,0.069976,0.074666,0.074666,2227824.0
2019-06-02,0.074661,0.079378,0.073489,0.07725800000000001,0.07725800000000001,1318121.0
2019-06-03,0.077311,0.077311,0.068881,0.069258,0.069258,1285527.0
2019-06-04,0.069281,0.070213,0.062223,0.06335,0.06335,1191728.0
2019-06-05,0.063435,0.066653,0.062544,0.063321,0.063321,541721.0
2019-06-06,0.063112,0.064755,0.059036,0.061893,0.061893,552818.0
2019-06-07,0.061861,0.068075,0.061350999999999996,0.06614199999999999,0.06614199999999999,698868.0
2019-06-08,0.06612699999999999,0.068718,0.06424099999999999,0.065514,0.065514,572231.0
2019-06-09,0.065514,0.066037,0.059958000000000004,0.060862,0.060862,252374.0
2019-06-10,0.060862,0.066006,0.059852999999999996,0.065277,0.065277,317823.0
2019-06-11,0.06534,0.065751,0.062858,0.064582,0.064582,315466.0
2019-06-12,0.064582,0.069864,0.064419,0.06943099999999999,0.06943099999999999,852696.0
2019-06-13,0.06930399999999999,0.070721,0.065801,0.065801,0.065801,1029239.0
2019-06-14,0.065849,0.06715,0.058645,0.062457000000000006,0.062457000000000006,968335.0
2019-06-15,0.062479999999999994,0.065477,0.061903,0.062831,0.062831,394125.0
2019-06-16,0.062831,0.06346,0.059392999999999994,0.060162,0.060162,399142.0
2019-06-17,0.060199,0.061323,0.058324,0.058847000000000003,0.058847000000000003,367360.0
2019-06-18,0.058745000000000006,0.076196,0.057628,0.058759000000000006,0.058759000000000006,8293919.0
2019-06-19,0.058827,0.063106,0.058543,0.059272000000000005,0.059272000000000005,608437.0
2019-06-20,0.059261,0.073502,0.053626,0.054212,0.054212,650494.0
2019-06-21,0.054495,0.05583200000000001,0.050232,0.05065,0.05065,517750.0
2019-06-22,0.05065,0.05561900000000001,0.047179,0.051619000000000005,0.051619000000000005,1001406.0
2019-06-23,0.051624,0.05482000000000001,0.049513999999999996,0.050655,0.050655,397661.0
2019-06-24,0.050698,0.051829999999999994,0.049165,0.050138,0.050138,284076.0
2019-06-25,0.050151999999999995,0.05343,0.04858,0.050315,0.050315,520882.0
2019-06-26,0.049987000000000004,0.055067,0.043719,0.044736,0.044736,2498160.0
2019-06-27,0.044755,0.048818,0.040541,0.041103,0.041103,721505.0
2019-06-28,0.041103,0.047103,0.040274000000000004,0.04647,0.04647,525602.0
2019-06-29,0.046472,0.062053,0.043477999999999996,0.052275,0.052275,4202816.0
2019-06-30,0.052273,0.052296,0.044407999999999996,0.044407999999999996,0.044407999999999996,789623.0
2019-07-01,0.044337,0.047139,0.043304,0.045857999999999996,0.045857999999999996,607014.0
2019-07-02,0.045868,0.046241000000000004,0.041449,0.04498,0.04498,457969.0
2019-07-03,0.044982,0.0488,0.042152999999999996,0.045842,0.045842,916621.0
2019-07-04,0.045561000000000004,0.046017,0.042485,0.042953,0.042953,310620.0
2019-07-05,0.042765,0.044584,0.041736,0.04242,0.04242,248353.0
2019-07-06,0.042412,0.043065,0.04142,0.042121,0.042121,356002.0
2019-07-07,0.042121,0.046629000000000004,0.041809,0.042555,0.042555,317417.0
2019-07-08,0.042554,0.045779,0.04116,0.042498,0.042498,526625.0
2019-07-09,0.042513,0.044018,0.039692000000000005,0.0403,0.0403,748955.0
2019-07-10,0.040326999999999995,0.040649,0.033961,0.034913,0.034913,628512.0
2019-07-11,0.034913,0.035204,0.031415,0.031927,0.031927,353692.0
2019-07-12,0.032195999999999995,0.03565,0.031283,0.035102999999999995,0.035102999999999995,255594.0
2019-07-13,0.035113,0.035301,0.032504000000000005,0.03393,0.03393,129828.0
2019-07-14,0.033944,0.033944,0.02945,0.029494,0.029494,69841.0
2019-07-15,0.029511000000000003,0.030973,0.027483999999999998,0.030715,0.030715,177699.0
2019-07-16,0.030686,0.031886000000000005,0.026395,0.027353,0.027353,409688.0
2019-07-17,0.027201999999999997,0.03148,0.026899,0.028998000000000003,0.028998000000000003,344100.0
2019-07-18,0.029037,0.033694,0.028829,0.033132999999999996,0.033132999999999996,422636.0
2019-07-19,0.033132999999999996,0.034328,0.03186,0.032668,0.032668,276061.0
2019-07-20,0.032707,0.03418,0.032445999999999996,0.033165,0.033165,236469.0
2019-07-21,0.033214,0.033554,0.032069,0.032755,0.032755,198157.0
2019-07-22,0.032744999999999996,0.033407,0.031535,0.032327,0.032327,355795.0
2019-07-23,0.032369,0.03296,0.031199,0.031481,0.031481,268902.0
2019-07-24,0.031434,0.031787,0.030137999999999998,0.031550999999999996,0.031550999999999996,219506.0
2019-07-25,0.03154,0.032461000000000004,0.031366000000000005,0.032204,0.032204,302583.0
2019-07-26,0.032154,0.03368,0.031160000000000004,0.033299,0.033299,290388.0
2019-07-27,0.033299,0.038629000000000004,0.033127,0.03644,0.03644,2130228.0
2019-07-28,0.036412,0.037989999999999996,0.034774,0.036215,0.036215,654904.0
2019-07-29,0.03619,0.040077,0.035558,0.039952,0.039952,695953.0
2019-07-30,0.039784,0.043378,0.037632,0.040425,0.040425,1908810.0
2019-07-31,0.040419,0.040618,0.036085,0.036619,0.036619,925941.0
2019-08-01,0.036622,0.037045999999999996,0.031788,0.032775,0.032775,621799.0
2019-08-02,0.032770999999999995,0.033073000000000005,0.031228,0.03171,0.03171,294254.0
2019-08-03,0.031749,0.034328,0.031504000000000004,0.033320999999999996,0.033320999999999996,366263.0
2019-08-04,0.033301,0.033308,0.031391,0.031625,0.031625,262154.0
2019-08-05,0.031583,0.032185000000000005,0.029084,0.029311,0.029311,382036.0
2019-08-06,0.029305,0.029705000000000002,0.027117000000000002,0.028399,0.028399,471321.0
2019-08-07,0.028381,0.029366000000000003,0.025617,0.0265,0.0265,477278.0
2019-08-08,0.026532999999999998,0.026612,0.024631,0.024709000000000002,0.024709000000000002,457498.0
2019-08-09,0.024748,0.025852999999999998,0.023747,0.025474,0.025474,437999.0
2019-08-10,0.025474,0.027857999999999997,0.024498,0.026351,0.026351,770523.0
2019-08-11,0.026358999999999997,0.027326,0.025241,0.025639999999999996,0.025639999999999996,465973.0
2019-08-12,0.025744,0.027262,0.02546,0.026795999999999997,0.026795999999999997,482770.0
2019-08-13,0.026794,0.027839,0.025526,0.025904000000000003,0.025904000000000003,580036.0
2019-08-14,0.025883999999999997,0.028312999999999998,0.023237,0.023285,0.023285,997439.0
2019-08-15,0.023322,0.026966000000000004,0.022039,0.023343,0.023343,461615.0
2019-08-16,0.023344999999999998,0.032394,0.022109,0.028114,0.028114,1968577.0
2019-08-17,0.028105,0.030438999999999997,0.025569,0.025731,0.025731,1307212.0
2019-08-18,0.025713999999999997,0.026972000000000003,0.024982,0.025625,0.025625,773375.0
2019-08-19,0.02567,0.026674,0.025057,0.025988999999999998,0.025988999999999998,578686.0
2019-08-20,0.025932,0.027125,0.025061,0.026624000000000002,0.026624000000000002,580359.0
2019-08-21,0.026648,0.026724,0.024628,0.025313,0.025313,489556.0
2019-08-22,0.025315999999999998,0.027188,0.024467,0.026826999999999997,0.026826999999999997,674624.0
2019-08-23,0.026826999999999997,0.027545,0.026289999999999997,0.027111,0.027111,878271.0
2019-08-24,0.027112,0.028607999999999998,0.026083999999999996,0.028419,0.028419,1097962.0
2019-08-25,0.028451999999999998,0.031319,0.026038,0.029111,0.029111,1790814.0
2019-08-26,0.029187,0.031481999999999996,0.027984,0.028082,0.028082,956263.0
2019-08-27,0.027984,0.030173000000000002,0.025297999999999998,0.029276,0.029276,1427169.0
2019-08-28,0.029161000000000003,0.030806,0.024497,0.025626999999999997,0.025626999999999997,1022812.0
2019-08-29,0.025633999999999997,0.026802999999999997,0.024611,0.025939,0.025939,1048260.0
2019-08-30,0.025939,0.026855,0.025629000000000002,0.026277999999999996,0.026277999999999996,992172.0
2019-08-31,0.026236000000000002,0.026434,0.025245,0.0256,0.0256,970453.0
2019-09-01,0.025563,0.027353,0.025488,0.026427999999999997,0.026427999999999997,944109.0
2019-09-02,0.026431,0.027004000000000004,0.025294999999999998,0.025338,0.025338,1146277.0
2019-09-03,0.025292,0.026149000000000002,0.024728,0.025611000000000002,0.025611000000000002,2248599.0
2019-09-04,0.025617,0.027257999999999998,0.025230000000000002,0.025687,0.025687,916626.0
2019-09-05,0.025707,0.026262,0.025075,0.025875,0.025875,1446052.0
2019-09-06,0.025875,0.026818,0.024752,0.025386000000000002,0.025386000000000002,851341.0
2019-09-07,0.02536,0.025994,0.024693,0.025994,0.025994,1900003.0
2019-09-08,0.025988999999999998,0.026354000000000002,0.025107,0.025311,0.025311,1152732.0
2019-09-09,0.025207,0.026418,0.024493,0.025481,0.025481,1696228.0
2019-09-10,0.025488999999999998,0.027717000000000002,0.025255,0.025731,0.025731,2110902.0
2019-09-11,0.025769,0.027056999999999998,0.023918000000000002,0.024498,0.024498,2041759.0
2019-09-12,0.024115,0.024363,0.022274000000000002,0.023374000000000002,0.023374000000000002,1489986.0
2019-09-13,0.023353,0.024616,0.022838999999999998,0.023924,0.023924,1599194.0
2019-09-14,0.023932,0.024663,0.023586000000000003,0.024427,0.024427,1382100.0
2019-09-15,0.024433,0.024713,0.023684,0.024397,0.024397,1569759.0
2019-09-16,0.024409,0.025427,0.024049,0.024146,0.024146,1037524.0
2019-09-17,0.024163999999999998,0.0263,0.02375,0.024939,0.024939,1706854.0
2019-09-18,0.02494,0.027875999999999998,0.024924,0.027268,0.027268,2218201.0
2019-09-19,0.027228,0.028212,0.025942000000000003,0.026686,0.026686,1761808.0
2019-09-20,0.026711000000000002,0.027331,0.025913,0.02658,0.02658,3328517.0
2019-09-21,0.02647,0.032643,0.02607,0.026825,0.026825,4255687.0
2019-09-22,0.026827999999999998,0.032493,0.025837,0.026249,0.026249,2881878.0
2019-09-23,0.026273,0.02738,0.023273,0.023293,0.023293,1539119.0
2019-09-24,0.023306,0.025929,0.019428,0.021125,0.021125,3602527.0
2019-09-25,0.0211,0.022386,0.020059,0.021823,0.021823,5022777.0
2019-09-26,0.021797999999999998,0.022234999999999998,0.019071,0.020812999999999998,0.020812999999999998,1480153.0
2019-09-27,0.020784999999999998,0.02241,0.020412,0.022371000000000002,0.022371000000000002,2485612.0
2019-09-28,0.022385,0.025956,0.022055,0.025407,0.025407,1687327.0
2019-09-29,0.025387,0.026074,0.021993000000000002,0.024425,0.024425,2443324.0
2019-09-30,0.024465,0.024751,0.022261000000000003,0.024246,0.024246,2409884.0
2019-10-01,0.024125999999999998,0.02546,0.023186000000000002,0.023628,0.023628,1562596.0
2019-10-02,0.023629,0.025205,0.023549,0.024831,0.024831,2529741.0
2019-10-03,0.024787,0.024907,0.023485,0.024146,0.024146,1145381.0
2019-10-04,0.024172,0.025064,0.023216999999999998,0.024735,0.024735,1992814.0
2019-10-05,0.024734,0.026891,0.024059,0.024222999999999998,0.024222999999999998,2242365.0
2019-10-06,0.024193,0.025833,0.023801,0.02531,0.02531,1484863.0
2019-10-07,0.02531,0.02648,0.0249,0.026305000000000002,0.026305000000000002,2339273.0
2019-10-08,0.026302999999999997,0.027373,0.026261000000000003,0.027086000000000002,0.027086000000000002,3318485.0
2019-10-09,0.027086000000000002,0.027610000000000003,0.024596,0.026516,0.026516,1057930.0
2019-10-10,0.026517000000000002,0.026524000000000002,0.024628999999999998,0.025409,0.025409,2220643.0
2019-10-11,0.025372,0.025542,0.024394,0.024728,0.024728,1206430.0
2019-10-12,0.024794,0.028852999999999997,0.024378999999999998,0.024858,0.024858,1618323.0
2019-10-13,0.024858,0.027402,0.024553,0.026943,0.026943,1725621.0
2019-10-14,0.026943,0.027085,0.025384999999999998,0.025969,0.025969,1199879.0
2019-10-15,0.025974,0.026514999999999997,0.024974,0.025368,0.025368,1458219.0
2019-10-16,0.025361,0.026657999999999998,0.024171,0.026552999999999997,0.026552999999999997,997665.0
2019-10-17,0.026556,0.026556,0.024491,0.024941,0.024941,769034.0
2019-10-18,0.024941,0.025009,0.022925,0.024078,0.024078,931639.0
2019-10-19,0.024025,0.025942000000000003,0.023854,0.025569,0.025569,809253.0
2019-10-20,0.025556,0.026715,0.02512,0.026438999999999997,0.026438999999999997,992654.0
2019-10-21,0.026438,0.027685,0.02607,0.027367000000000002,0.027367000000000002,941665.0
2019-10-22,0.027364,0.027583999999999997,0.023424,0.023497,0.023497,607494.0
2019-10-23,0.0235,0.023855,0.020694,0.021581,0.021581,836016.0
2019-10-24,0.021581,0.022444,0.021016,0.02186,0.02186,1161022.0
2019-10-25,0.021848,0.024905,0.021651,0.022824,0.022824,1280759.0
2019-10-26,0.022806,0.024872,0.022187000000000002,0.023558000000000003,0.023558000000000003,1478045.0
2019-10-27,0.023579,0.024539,0.022262,0.024028,0.024028,1860121.0
2019-10-28,0.024100999999999997,0.025542,0.023886,0.02419,0.02419,1748333.0
2019-10-29,0.024178,0.026923000000000002,0.023896,0.024952000000000002,0.024952000000000002,1931206.0
2019-10-30,0.024966,0.02673,0.023591,0.025932,0.025932,1412664.0
2019-10-31,0.025937,0.026189999999999998,0.023311000000000002,0.024328,0.024328,1291339.0
2019-11-01,0.024328,0.026358999999999997,0.024087,0.025769999999999998,0.025769999999999998,1457454.0
2019-11-02,0.025602999999999997,0.027087,0.025284,0.026874000000000002,0.026874000000000002,1132896.0
2019-11-03,0.026874000000000002,0.027001,0.025404,0.026494999999999998,0.026494999999999998,1096084.0
2019-11-04,0.026455000000000003,0.029368000000000002,0.025292,0.029329,0.029329,1540931.0
2019-11-05,0.029329,0.030663,0.026135000000000002,0.02647,0.02647,1215260.0
2019-11-06,0.026506000000000002,0.030847000000000003,0.026422,0.02667,0.02667,1372575.0
2019-11-07,0.026649000000000003,0.027043,0.025664999999999997,0.026295999999999996,0.026295999999999996,1054866.0
2019-11-08,0.026302,0.028495,0.023988,0.028336,0.028336,1259216.0
2019-11-09,0.028292,0.029549000000000002,0.024431,0.025086,0.025086,1083244.0
2019-11-10,0.025075999999999998,0.025727,0.023828,0.025490000000000002,0.025490000000000002,1113069.0
2019-11-11,0.025476,0.02561,0.024246,0.024565,0.024565,1032690.0
2019-11-12,0.024562999999999998,0.025954,0.024321000000000002,0.025065,0.025065,1140679.0
2019-11-13,0.025089,0.027638,0.024539,0.025255,0.025255,1201465.0
2019-11-14,0.025235,0.025566,0.024631999999999998,0.024911000000000003,0.024911000000000003,884655.0
2019-11-15,0.024972,0.028725,0.024592,0.025948000000000002,0.025948000000000002,2078797.0
2019-11-16,0.025958,0.026456,0.025355000000000003,0.025887,0.025887,1112062.0
2019-11-17,0.025887,0.026269999999999998,0.025602,0.025727999999999997,0.025727999999999997,791445.0
2019-11-18,0.025749,0.026032,0.023666,0.023962,0.023962,951221.0
2019-11-19,0.023962,0.024579,0.023138,0.023859,0.023859,967756.0
2019-11-20,0.023868,0.024313,0.022987999999999998,0.023361,0.023361,880318.0
2019-11-21,0.023405000000000002,0.023466,0.020881999999999998,0.021786,0.021786,1046504.0
2019-11-22,0.021786,0.022224,0.019094,0.020362,0.020362,1280253.0
2019-11-23,0.020380000000000002,0.021481,0.019911,0.021353,0.021353,1532990.0
2019-11-24,0.021352,0.021461,0.01923,0.01938,0.01938,754602.0
2019-11-25,0.019311000000000002,0.021024,0.018254,0.020315,0.020315,1434191.0
2019-11-26,0.020315,0.021594,0.020123,0.021575,0.021575,1450492.0
2019-11-27,0.021509,0.021872,0.019769,0.021713999999999997,0.021713999999999997,939937.0
2019-11-28,0.021705000000000002,0.026307,0.021644,0.022285,0.022285,812462.0
2019-11-29,0.022312000000000002,0.022652000000000002,0.021924000000000003,0.022552000000000003,0.022552000000000003,772841.0
2019-11-30,0.022371000000000002,0.023387,0.021875,0.022408,0.022408,733595.0
2019-12-01,0.022414,0.023642,0.021879,0.023341999999999998,0.023341999999999998,779008.0
2019-12-02,0.023348,0.025437,0.021539,0.022841,0.022841,1881631.0
2019-12-03,0.022829,0.023032,0.022115,0.022354,0.022354,501158.0
2019-12-04,0.022345,0.022681,0.021594,0.022180000000000002,0.022180000000000002,408138.0
2019-12-05,0.02213,0.022266,0.021253,0.021845,0.021845,372198.0
2019-12-06,0.02182,0.023437,0.021318,0.022234999999999998,0.022234999999999998,601771.0
2019-12-07,0.022243000000000002,0.02435,0.0218,0.022908,0.022908,824463.0
2019-12-08,0.022906,0.023122999999999998,0.022498,0.022683000000000002,0.022683000000000002,309909.0
2019-12-09,0.022653,0.02588,0.022331,0.023334999999999998,0.023334999999999998,1559568.0
2019-12-10,0.02333,0.023466,0.020133,0.020819,0.020819,553929.0
2019-12-11,0.020818,0.022277,0.020669,0.021886000000000003,0.021886000000000003,261812.0
2019-12-12,0.021886000000000003,0.02197,0.020895,0.021147,0.021147,247588.0
2019-12-13,0.021172,0.021719,0.021078,0.021287999999999998,0.021287999999999998,384937.0
2019-12-14,0.021147,0.022213999999999998,0.020316,0.021931,0.021931,437341.0
2019-12-15,0.021938,0.022588,0.021391999999999998,0.022188,0.022188,432453.0
2019-12-16,0.022212,0.022361000000000002,0.020237,0.020377000000000003,0.020377000000000003,398185.0
2019-12-17,0.020377000000000003,0.021304,0.0184,0.01852,0.01852,390863.0
2019-12-18,0.01852,0.021199000000000003,0.018461,0.021083,0.021083,607441.0
2019-12-19,0.021083,0.021595,0.020083,0.021595,0.021595,391570.0
2019-12-20,0.021595,0.02167,0.020968,0.021197,0.021197,235161.0
2019-12-21,0.021197,0.021393000000000002,0.021049000000000002,0.02126,0.02126,202581.0
2019-12-22,0.021245,0.022018,0.020038,0.022018,0.022018,265279.0
2019-12-23,0.022003,0.02367,0.020286000000000002,0.020431,0.020431,385440.0
2019-12-24,0.020432,0.020983,0.020125999999999998,0.020609,0.020609,205285.0
2019-12-25,0.020609,0.020685,0.020041999999999997,0.02041,0.02041,182678.0
2019-12-26,0.020429,0.020506,0.019767,0.019809,0.019809,180358.0
2019-12-27,0.019719999999999998,0.020421,0.019691999999999998,0.020316,0.020316,171653.0
2019-12-28,0.020295,0.020906,0.020033000000000002,0.020662,0.020662,197287.0
2019-12-29,0.020677,0.021193,0.020468,0.020838,0.020838,360498.0
2019-12-30,0.020838,0.021246,0.019943000000000002,0.020171,0.020171,387389.0
2019-12-31,0.020188,0.020308,0.019821000000000002,0.020091,0.020091,368661.0
2020-01-01,0.020113,0.023283,0.019641,0.021854,0.021854,1489094.0
2020-01-02,0.021845,0.0219,0.019885,0.020118,0.020118,1116747.0
2020-01-03,0.020079,0.021003,0.019562,0.020925,0.020925,338177.0
2020-01-04,0.020908000000000003,0.021378,0.020501,0.021118,0.021118,221297.0
2020-01-05,0.021103,0.021505,0.020716,0.021088,0.021088,222430.0
2020-01-06,0.021111,0.022067,0.020916,0.021913,0.021913,226542.0
2020-01-07,0.021922999999999998,0.022533,0.021662,0.022162,0.022162,221426.0
2020-01-08,0.022124,0.022341999999999997,0.020028,0.021535,0.021535,430644.0
2020-01-09,0.021515,0.022022,0.019356,0.019615,0.019615,299791.0
2020-01-10,0.019613,0.019872,0.019128,0.019703000000000002,0.019703000000000002,225532.0
2020-01-11,0.019715,0.019976,0.019319,0.019516,0.019516,242328.0
2020-01-12,0.019530000000000002,0.021491,0.019485,0.021491,0.021491,240606.0
2020-01-13,0.02154,0.02175,0.020061000000000002,0.020293000000000002,0.020293000000000002,196274.0
2020-01-14,0.020291,0.021129,0.019705,0.020548,0.020548,285954.0
2020-01-15,0.020548,0.021573,0.02033,0.021553,0.021553,255810.0
2020-01-16,0.021588999999999997,0.021737,0.020991,0.021737,0.021737,202282.0
2020-01-17,0.021755,0.025527,0.021424000000000002,0.023093000000000002,0.023093000000000002,1519580.0
2020-01-18,0.023082,0.02462,0.022596,0.022959999999999998,0.022959999999999998,332111.0
2020-01-19,0.022928999999999998,0.023738,0.021779,0.022711000000000002,0.022711000000000002,244831.0
2020-01-20,0.022719,0.022731,0.021333,0.021903,0.021903,197465.0
2020-01-21,0.02193,0.022271,0.021454,0.02215,0.02215,202989.0
2020-01-22,0.022124,0.022954,0.021868000000000002,0.022578,0.022578,271752.0
2020-01-23,0.022653,0.022769,0.021105000000000002,0.021429,0.021429,211270.0
2020-01-24,0.021443,0.021903,0.020923,0.021851,0.021851,184380.0
2020-01-25,0.021849,0.023694,0.021123,0.021906000000000002,0.021906000000000002,412884.0
2020-01-26,0.021891,0.022064,0.021580000000000002,0.021921,0.021921,233467.0
2020-01-27,0.021977,0.022979,0.021897,0.022563,0.022563,215897.0
2020-01-28,0.02254,0.026331,0.022373,0.026331,0.026331,824956.0
2020-01-29,0.026349,0.029483,0.024946,0.02752,0.02752,1751947.0
2020-01-30,0.027493,0.027598,0.026023,0.026799,0.026799,387790.0
2020-01-31,0.026802999999999997,0.026837,0.025882,0.026628,0.026628,265107.0
2020-02-01,0.026631000000000002,0.027333999999999997,0.026267000000000002,0.026361000000000002,0.026361000000000002,261933.0
2020-02-02,0.026351,0.028823,0.026147000000000004,0.028155,0.028155,473379.0
2020-02-03,0.028155,0.028169,0.026496,0.02684,0.02684,403866.0
2020-02-04,0.02684,0.027927999999999998,0.026456,0.027449,0.027449,549441.0
2020-02-05,0.027495,0.030351,0.026812,0.030351,0.030351,860726.0
2020-02-06,0.030231,0.038723,0.030231,0.033618,0.033618,4609384.0
2020-02-07,0.033614,0.035738,0.032362,0.034057,0.034057,1500782.0
2020-02-08,0.034037,0.035486000000000004,0.032481,0.032844,0.032844,879778.0
2020-02-09,0.032777999999999995,0.035171,0.03197,0.033605,0.033605,689757.0
2020-02-10,0.033599000000000004,0.033817,0.031412999999999996,0.032979,0.032979,636819.0
2020-02-11,0.032979,0.033873,0.032104,0.033735,0.033735,597109.0
2020-02-12,0.033745,0.040806,0.033557,0.037101999999999996,0.037101999999999996,1728207.0
2020-02-13,0.037096,0.037641,0.034551,0.034867,0.034867,1114101.0
2020-02-14,0.034881,0.036718,0.034543,0.036536,0.036536,847571.0
2020-02-15,0.036536,0.045538,0.033762,0.041386,0.041386,3800539.0
2020-02-16,0.041386,0.059269,0.039312,0.042761,0.042761,8559455.0
2020-02-17,0.043093,0.043126,0.033661,0.037455,0.037455,2436154.0
2020-02-18,0.037462,0.039901,0.036438,0.038863999999999996,0.038863999999999996,1336654.0
2020-02-19,0.038905,0.039781,0.033736,0.034647000000000004,0.034647000000000004,1123134.0
2020-02-20,0.034647000000000004,0.035823,0.032374,0.035418,0.035418,642996.0
2020-02-21,0.03543,0.036675,0.034151,0.034694,0.034694,652552.0
2020-02-22,0.034686,0.034968,0.032824,0.033685,0.033685,455675.0
2020-02-23,0.033685,0.03609,0.033103,0.035396,0.035396,468536.0
2020-02-24,0.035437,0.035664999999999995,0.032589,0.033823,0.033823,436633.0
2020-02-25,0.033798,0.033912,0.029408999999999998,0.029856999999999998,0.029856999999999998,436835.0
2020-02-26,0.029849,0.031145,0.026494999999999998,0.028480000000000002,0.028480000000000002,765248.0
2020-02-27,0.028435000000000002,0.030104000000000002,0.026532999999999998,0.028433999999999997,0.028433999999999997,455316.0
2020-02-28,0.028531,0.029457999999999998,0.026175,0.027908999999999996,0.027908999999999996,390369.0
2020-02-29,0.027869,0.028852,0.027243,0.027243,0.027243,327091.0
2020-03-01,0.027243,0.030944,0.026989999999999997,0.028327999999999996,0.028327999999999996,1290572.0
2020-03-02,0.028339,0.030156,0.028170999999999998,0.029936,0.029936,418242.0
2020-03-03,0.029939999999999998,0.030475,0.029124,0.029459,0.029459,361741.0
2020-03-04,0.029459,0.033399,0.028814999999999997,0.029976,0.029976,401069.0
2020-03-05,0.029994,0.031205,0.029729000000000002,0.030423000000000002,0.030423000000000002,370246.0
2020-03-06,0.030369,0.031032,0.029769999999999998,0.030811,0.030811,376632.0
2020-03-07,0.030811,0.030968,0.028577999999999996,0.028881999999999998,0.028881999999999998,349256.0
2020-03-08,0.028877,0.029079,0.024954,0.024958,0.024958,380056.0
2020-03-09,0.024914,0.025494,0.022722,0.02375,0.02375,331834.0
2020-03-10,0.023727,0.025636000000000003,0.023239,0.024845,0.024845,475174.0
2020-03-11,0.024857,0.025338999999999997,0.02247,0.024064,0.024064,383372.0
2020-03-12,0.024075,0.02415,0.013453999999999999,0.013459,0.013459,242895.0
2020-03-13,0.013488,0.016523,0.011105,0.015661,0.015661,247242.0
2020-03-14,0.015729,0.016191999999999998,0.014758000000000002,0.014851,0.014851,199150.0
2020-03-15,0.014851,0.016538,0.014771000000000001,0.015288,0.015288,184355.0
2020-03-16,0.015271000000000002,0.015356999999999999,0.012333,0.012969999999999999,0.012969999999999999,158640.0
2020-03-17,0.013072,0.01432,0.012908000000000001,0.013841,0.013841,195202.0
2020-03-18,0.013788,0.018535,0.013331,0.014518000000000001,0.014518000000000001,193462.0
2020-03-19,0.014488999999999998,0.017631,0.014452000000000001,0.016974,0.016974,265507.0
2020-03-20,0.016978,0.018811,0.015433,0.016383,0.016383,215810.0
2020-03-21,0.016423,0.019395,0.015734,0.01722,0.01722,433469.0
2020-03-22,0.017169999999999998,0.017414,0.015005000000000001,0.015082,0.015082,220873.0
2020-03-23,0.015082,0.016569999999999998,0.014691,0.016569999999999998,0.016569999999999998,230799.0
2020-03-24,0.016572,0.017731999999999998,0.015944999999999997,0.017121,0.017121,227864.0
2020-03-25,0.01712,0.018265,0.016643,0.017480000000000002,0.017480000000000002,206680.0
2020-03-26,0.017488999999999998,0.017912,0.017028,0.017879,0.017879,240642.0
2020-03-27,0.01787,0.018885,0.017044999999999998,0.017066,0.017066,192825.0
2020-03-28,0.017108,0.020488,0.016205,0.01743,0.01743,935787.0
2020-03-29,0.017480000000000002,0.020641,0.016464,0.016798,0.016798,1456044.0
2020-03-30,0.016765000000000002,0.020572999999999998,0.016699000000000002,0.01874,0.01874,914084.0
2020-03-31,0.018692,0.020117,0.017772,0.018875,0.018875,471580.0
2020-04-01,0.018875,0.019043,0.017463,0.01828,0.01828,286902.0
2020-04-02,0.01826,0.019608,0.018178,0.018785,0.018785,280302.0
2020-04-03,0.018747,0.019582,0.018517,0.018906,0.018906,220660.0
2020-04-04,0.018906,0.019191999999999997,0.018645,0.019049,0.019049,205695.0
2020-04-05,0.019059,0.019099,0.018346,0.018618,0.018618,223734.0
2020-04-06,0.018616999999999998,0.020041,0.018449,0.019732,0.019732,223527.0
2020-04-07,0.019747999999999998,0.020794999999999998,0.019552,0.019922,0.019922,234290.0
2020-04-08,0.01991,0.020664,0.019725,0.02021,0.02021,228522.0
2020-04-09,0.020347,0.020451,0.019728,0.020018,0.020018,228426.0
2020-04-10,0.020034,0.020278,0.018202,0.01835,0.01835,201817.0
2020-04-11,0.01835,0.018979,0.018225,0.018752,0.018752,194862.0
2020-04-12,0.018754,0.019859,0.018311,0.019156,0.019156,229777.0
2020-04-13,0.019148,0.019547,0.017971,0.019444,0.019444,237603.0
2020-04-14,0.019477,0.020003999999999997,0.018974,0.019389,0.019389,246392.0
2020-04-15,0.019384000000000002,0.019631,0.018578,0.0186,0.0186,186163.0
2020-04-16,0.018599,0.019992,0.018269999999999998,0.019593,0.019593,217762.0
2020-04-17,,,,,,
2020-04-18,0.019563,0.020390000000000002,0.019387,0.020193,0.020193,208733.0
2020-04-19,0.020179,0.02024,0.019178999999999998,0.019476,0.019476,276556.0
2020-04-20,0.019482,0.019736,0.018343,0.018588999999999998,0.018588999999999998,210770.0
2020-04-21,0.018591,0.018856,0.018262999999999998,0.018719,0.018719,251884.0
2020-04-22,0.018719,0.019862,0.018557,0.019275,0.019275,203354.0
2020-04-23,0.019292,0.020069999999999998,0.019076,0.019797,0.019797,204921.0
2020-04-24,0.019811000000000002,0.020481,0.019024,0.020204,0.020204,215122.0
2020-04-25,0.020207,0.021634999999999998,0.019712,0.020984,0.020984,189110.0
2020-04-26,0.020984,0.021951,0.02045,0.020818,0.020818,168186.0
2020-04-27,0.020863999999999997,0.021569,0.020418000000000002,0.021404,0.021404,253350.0
2020-04-28,0.021374,0.022539,0.020416999999999998,0.022125,0.022125,324606.0
2020-04-29,0.022123,0.02298,0.021312,0.022774000000000003,0.022774000000000003,339897.0
2020-04-30,0.022756000000000002,0.023778,0.020916999999999998,0.021272,0.021272,289709.0
2020-05-01,0.02128,0.023003,0.021269999999999997,0.022545,0.022545,291507.0
2020-05-02,0.022535,0.022861000000000003,0.021813,0.022517,0.022517,282054.0
2020-05-03,0.022543,0.022659000000000002,0.021059,0.021459,0.021459,247816.0
2020-05-04,0.021465,0.022384,0.020209,0.0222,0.0222,257445.0
2020-05-05,0.022193,0.023291,0.021319,0.022706,0.022706,527126.0
2020-05-06,0.022724,0.024387,0.022206,0.022667,0.022667,395663.0
2020-05-07,0.022646,0.023139,0.021668,0.022279,0.022279,365637.0
2020-05-08,0.02228,0.02455,0.021838999999999997,0.023494,0.023494,326185.0
2020-05-09,0.023528999999999998,0.024212,0.023086000000000002,0.023139,0.023139,266418.0
2020-05-10,0.023119999999999998,0.024178,0.01986,0.020837,0.020837,245849.0
2020-05-11,0.020855000000000002,0.02191,0.020175,0.021292,0.021292,290836.0
2020-05-12,0.0213,0.023607,0.021122,0.022479,0.022479,276926.0
2020-05-13,0.022479,0.023469999999999998,0.022479,0.022941999999999997,0.022941999999999997,264649.0
2020-05-14,0.022875,0.023784,0.022497,0.022930000000000002,0.022930000000000002,280760.0
2020-05-15,0.022925,0.023576,0.021962,0.022507,0.022507,240654.0
2020-05-16,0.022502,0.025937,0.021915,0.023301,0.023301,256774.0
2020-05-17,0.023301,0.026080000000000002,0.021854,0.024304,0.024304,529610.0
2020-05-18,0.024304,0.025166,0.023847,0.024165,0.024165,338336.0
2020-05-19,0.024152,0.026064,0.023719999999999998,0.025506,0.025506,344696.0
2020-05-20,0.025516999999999998,0.026591000000000004,0.024585,0.025103999999999998,0.025103999999999998,309044.0
2020-05-21,0.025119,0.026467,0.024182,0.025435,0.025435,514194.0
2020-05-22,0.025193,0.027731,0.025009,0.026702999999999998,0.026702999999999998,613668.0
2020-05-23,0.026705,0.027054,0.025405,0.026345,0.026345,417899.0
2020-05-24,0.026344,0.026930000000000003,0.024111,0.024137,0.024137,398824.0
2020-05-25,0.02402,0.028288999999999998,0.023731,0.027576,0.027576,718586.0
2020-05-26,0.027544,0.028654000000000002,0.025934,0.027447000000000003,0.027447000000000003,813649.0
2020-05-27,0.027447000000000003,0.027475,0.025027,0.026154000000000004,0.026154000000000004,540943.0
2020-05-28,0.026064,0.028783999999999997,0.025901,0.026186,0.026186,512139.0
2020-05-29,0.026198000000000003,0.027718,0.026043,0.027694999999999997,0.027694999999999997,418467.0
2020-05-30,0.027716,0.028839999999999998,0.027468,0.027906,0.027906,474365.0
2020-05-31,0.027906,0.030510000000000002,0.027204000000000002,0.02973,0.02973,702726.0
2020-06-01,0.029748,0.030372000000000003,0.029301999999999998,0.029869,0.029869,523362.0
2020-06-02,0.029869,0.030597000000000003,0.027373,0.028627,0.028627,458654.0
2020-06-03,0.028668,0.029314999999999997,0.027908,0.029153,0.029153,456915.0
2020-06-04,0.029144999999999997,0.031429,0.028401999999999997,0.030744,0.030744,642944.0
2020-06-05,0.030719999999999997,0.030956,0.029677,0.03045,0.03045,536816.0
2020-06-06,0.03045,0.030838,0.029956,0.030293,0.030293,460028.0
2020-06-07,0.030331999999999998,0.030444,0.028241000000000002,0.029613,0.029613,477384.0
2020-06-08,0.029626,0.030608,0.029316000000000002,0.029781000000000002,0.029781000000000002,410543.0
2020-06-09,0.029781000000000002,0.032188,0.029537,0.032171,0.032171,532647.0
2020-06-10,0.032184,0.035664999999999995,0.031212,0.031506,0.031506,933459.0
2020-06-11,0.031492,0.032832,0.027598,0.027607999999999997,0.027607999999999997,588123.0
2020-06-12,0.027625999999999998,0.030067,0.027282,0.029787,0.029787,479030.0
2020-06-13,0.029882,0.031493,0.029493000000000002,0.030482,0.030482,529627.0
2020-06-14,0.030497000000000003,0.033361,0.030204,0.031331,0.031331,771414.0
2020-06-15,0.031451,0.031464,0.02752,0.03083,0.03083,566828.0
2020-06-16,0.030875,0.032813999999999996,0.030285000000000003,0.032525,0.032525,648369.0
2020-06-17,0.032525,0.03735,0.032318,0.033542,0.033542,1277434.0
2020-06-18,0.033586000000000005,0.038569,0.033379,0.034213,0.034213,1025213.0
2020-06-19,0.034259,0.035251,0.032272,0.033804,0.033804,601837.0
2020-06-20,0.033804,0.035881,0.03343,0.034089999999999995,0.034089999999999995,519101.0
2020-06-21,0.034065,0.035295,0.032193,0.032193,0.032193,544436.0
2020-06-22,0.032327999999999996,0.033496,0.03171,0.032266,0.032266,552985.0
2020-06-23,0.032374,0.033872,0.031760000000000004,0.033642,0.033642,699628.0
2020-06-24,0.033669,0.033997,0.03045,0.030608999999999997,0.030608999999999997,514911.0
2020-06-25,0.030532999999999998,0.032826,0.02925,0.030713,0.030713,675808.0
2020-06-26,0.030708999999999997,0.031202999999999998,0.029155,0.029677999999999996,0.029677999999999996,509111.0
2020-06-27,0.02968,0.029892000000000002,0.027916000000000003,0.028138999999999997,0.028138999999999997,395810.0
2020-06-28,0.028138999999999997,0.030708,0.027573,0.029604000000000002,0.029604000000000002,449115.0
2020-06-29,0.029604000000000002,0.030182,0.0288,0.0294,0.0294,412100.0
2020-06-30,0.029403,0.029879000000000003,0.028307,0.029217,0.029217,388546.0
2020-07-01,0.029200999999999998,0.029931,0.028682999999999997,0.029585000000000004,0.029585000000000004,433035.0
2020-07-02,0.029597000000000002,0.029806,0.027880000000000002,0.028251,0.028251,414223.0
2020-07-03,0.028242000000000003,0.028702,0.027944999999999998,0.028542,0.028542,443846.0
2020-07-04,0.028576,0.028807999999999997,0.027808999999999997,0.02818,0.02818,366669.0
2020-07-05,0.028027999999999997,0.030452,0.028004,0.029914,0.029914,539898.0
2020-07-06,0.029914,0.032884,0.029914,0.031513,0.031513,622124.0
2020-07-07,0.031459,0.033496,0.030463,0.032277,0.032277,594649.0
2020-07-08,0.032357,0.033511,0.031575,0.03257,0.03257,455462.0
2020-07-09,0.032568,0.034013999999999996,0.032056,0.033317,0.033317,587695.0
2020-07-10,0.03338,0.033392000000000005,0.031792,0.032531,0.032531,445982.0
2020-07-11,0.032702999999999996,0.033504,0.032241000000000006,0.033489,0.033489,395904.0
2020-07-12,0.033488,0.034145999999999996,0.032862999999999996,0.033663,0.033663,416421.0
2020-07-13,0.033663,0.034339,0.032083,0.032527999999999994,0.032527999999999994,447556.0
2020-07-14,0.032346,0.033301,0.032132,0.032559,0.032559,440978.0
2020-07-15,0.032570999999999996,0.033132,0.031867,0.031993,0.031993,487654.0
2020-07-16,0.031952999999999995,0.039443,0.031589,0.033052,0.033052,1251579.0
2020-07-17,0.033054,0.040219,0.032137,0.039818,0.039818,1394636.0
2020-07-18,0.03947,0.047925,0.03754,0.046335,0.046335,2433326.0
2020-07-19,0.046277,0.05977999999999999,0.041925,0.055963,0.055963,3549029.0
2020-07-20,0.056366,0.153633,0.053679,0.113175,0.113175,36683244.0
2020-07-21,0.112377,0.157148,0.092561,0.100208,0.100208,19813157.0
2020-07-22,0.10029099999999999,0.11413800000000002,0.090663,0.094557,0.094557,8716110.0
2020-07-23,0.09459400000000001,0.153193,0.091136,0.122127,0.122127,23887265.0
2020-07-24,0.121762,0.131207,0.09840700000000001,0.101978,0.101978,8093903.0
2020-07-25,0.102281,0.110051,0.094691,0.095966,0.095966,4458790.0
2020-07-26,0.096368,0.096582,0.08365800000000001,0.086122,0.086122,4208854.0
2020-07-27,0.086092,0.086346,0.07066599999999999,0.071992,0.071992,4622475.0
2020-07-28,0.071555,0.124904,0.070811,0.098728,0.098728,18169984.0
2020-07-29,0.099445,0.110322,0.094081,0.100857,0.100857,8693708.0
2020-07-30,0.10096799999999999,0.12253199999999999,0.098351,0.10203999999999999,0.10203999999999999,8346132.0
2020-07-31,0.102109,0.10457000000000001,0.092378,0.096514,0.096514,3978646.0
2020-08-01,0.096514,0.102052,0.08619199999999999,0.088903,0.088903,4996253.0
2020-08-02,0.088896,0.111393,0.086148,0.110426,0.110426,9060288.0
2020-08-03,0.11051500000000002,0.11319800000000001,0.09689299999999999,0.10069299999999999,0.10069299999999999,6008929.0
2020-08-04,0.100685,0.109739,0.10040199999999999,0.109449,0.109449,4370155.0
2020-08-05,0.109572,0.109964,0.099567,0.10152,0.10152,4591424.0
2020-08-06,0.101524,0.108983,0.101314,0.10265,0.10265,4003271.0
2020-08-07,0.102644,0.118527,0.102574,0.111199,0.111199,6166034.0
2020-08-08,0.111122,0.120871,0.111122,0.115596,0.115596,5531983.0
2020-08-09,0.115522,0.116159,0.108955,0.11106600000000001,0.11106600000000001,3293533.0
2020-08-10,0.11111800000000001,0.112132,0.102158,0.105351,0.105351,4817486.0
2020-08-11,0.10545999999999998,0.10881500000000001,0.0939,0.096287,0.096287,2903738.0
2020-08-12,0.096139,0.10551300000000001,0.090303,0.102129,0.102129,4195329.0
2020-08-13,0.102092,0.10240899999999999,0.093057,0.09764600000000001,0.09764600000000001,3347929.0
2020-08-14,0.097319,0.100856,0.096401,0.099273,0.099273,2556891.0
2020-08-15,0.0994,0.100214,0.093845,0.094486,0.094486,2108213.0
2020-08-16,0.09447,0.09974,0.093873,0.097,0.097,2225324.0
2020-08-17,0.097,0.13742100000000002,0.096562,0.123918,0.123918,13111596.0
2020-08-18,0.12476400000000001,0.147015,0.10923499999999998,0.10923499999999998,0.10923499999999998,8769051.0
2020-08-19,0.10859500000000001,0.111973,0.097444,0.097743,0.097743,4251025.0
2020-08-20,0.09766,0.10578299999999999,0.097258,0.102878,0.102878,3051533.0
2020-08-21,0.10249200000000001,0.103824,0.09175,0.09175,0.09175,3024044.0
2020-08-22,0.091892,0.097319,0.089512,0.096448,0.096448,2718477.0
2020-08-23,0.096316,0.097505,0.092195,0.093082,0.093082,2333914.0
2020-08-24,0.093082,0.101384,0.091896,0.097208,0.097208,2962287.0
2020-08-25,0.097001,0.100991,0.087746,0.090438,0.090438,2351298.0
2020-08-26,0.090317,0.094435,0.089152,0.09308999999999999,0.09308999999999999,1606645.0
2020-08-27,0.09306299999999999,0.09356,0.085387,0.08891399999999999,0.08891399999999999,2562416.0
2020-08-28,0.088994,0.104876,0.08855,0.098164,0.098164,4523525.0
2020-08-29,0.098411,0.10462300000000001,0.09576,0.096111,0.096111,2590790.0
2020-08-30,0.095965,0.09739500000000001,0.09353,0.095351,0.095351,2594605.0
2020-08-31,0.09539500000000001,0.097437,0.093044,0.09362899999999999,0.09362899999999999,2295011.0
2020-09-01,0.093513,0.097981,0.092068,0.096817,0.096817,2840136.0
2020-09-02,0.0968,0.096956,0.09013600000000001,0.092735,0.092735,1413622.0
2020-09-03,0.092735,0.092799,0.07753099999999999,0.078198,0.078198,1022566.0
2020-09-04,0.078225,0.080776,0.074942,0.07962799999999999,0.07962799999999999,1001605.0
2020-09-05,0.07962000000000001,0.08089400000000001,0.068827,0.07040199999999999,0.07040199999999999,893088.0
2020-09-06,0.07040199999999999,0.076438,0.067861,0.075954,0.075954,876348.0
2020-09-07,0.075959,0.077751,0.071845,0.077442,0.077442,761644.0
2020-09-08,0.077468,0.078084,0.060715,0.062865,0.062865,321213.0
2020-09-09,0.062864,0.06597599999999999,0.060182000000000006,0.065438,0.065438,296370.0
2020-09-10,0.065385,0.08140900000000001,0.064965,0.06942999999999999,0.06942999999999999,1151782.0
2020-09-11,0.06942999999999999,0.07472999999999999,0.065459,0.07161100000000001,0.07161100000000001,653499.0
2020-09-12,0.071625,0.078546,0.070992,0.071436,0.071436,618221.0
2020-09-13,0.071436,0.078571,0.065514,0.065934,0.065934,622903.0
2020-09-14,0.065902,0.069856,0.063915,0.06939,0.06939,1040783.0
2020-09-15,0.069404,0.069989,0.061376,0.061996,0.061996,1207239.0
2020-09-16,0.062011000000000004,0.064567,0.060890999999999994,0.061971000000000005,0.061971000000000005,1098020.0
2020-09-17,0.06200800000000001,0.063985,0.057402999999999996,0.057934000000000006,0.057934000000000006,1074697.0
2020-09-18,0.057934000000000006,0.057991999999999995,0.05293200000000001,0.0561,0.0561,556483.0
2020-09-19,0.056149,0.060953,0.055088,0.056801,0.056801,710748.0
2020-09-20,0.056701999999999995,0.05708,0.051311,0.052779,0.052779,487994.0
2020-09-21,0.052777,0.053984000000000004,0.043866,0.049547,0.049547,805385.0
2020-09-22,0.049732,0.06029400000000001,0.045704,0.049349000000000004,0.049349000000000004,878984.0
2020-09-23,0.049349000000000004,0.050164999999999994,0.045561000000000004,0.04672,0.04672,650925.0
2020-09-24,0.04672,0.04919,0.044778,0.048843,0.048843,637851.0
2020-09-25,0.048836000000000004,0.052648,0.046672000000000005,0.050781,0.050781,656864.0
2020-09-26,0.050718,0.05417,0.049963,0.053466,0.053466,417552.0
2020-09-27,0.053472000000000006,0.056284,0.051676,0.052342999999999994,0.052342999999999994,508894.0
2020-09-28,0.052342999999999994,0.057848000000000004,0.052339,0.055088,0.055088,788888.0
2020-09-29,0.055115,0.056188,0.052766999999999994,0.053282,0.053282,575588.0
2020-09-30,0.053280999999999995,0.053581,0.050655,0.052112,0.052112,358663.0
2020-10-01,0.052112,0.055219000000000004,0.04836,0.049833999999999996,0.049833999999999996,480489.0
2020-10-02,0.049836,0.049923,0.045642,0.047388,0.047388,501114.0
2020-10-03,0.047330000000000004,0.050767,0.047314999999999996,0.049038,0.049038,314630.0
2020-10-04,0.049038,0.049773000000000005,0.045822,0.046745,0.046745,455452.0
2020-10-05,0.046745,0.056620000000000004,0.046444,0.048373,0.048373,743152.0
2020-10-06,0.048376999999999996,0.048419,0.043966000000000005,0.043974,0.043974,485799.0
2020-10-07,0.043974,0.047451,0.042898,0.045029,0.045029,341500.0
2020-10-08,0.04505,0.04543,0.041255,0.044738,0.044738,434445.0
2020-10-09,,,,,,
2020-10-10,0.047236,0.049483,0.045473,0.049053,0.049053,723422.0
2020-10-11,0.048998,0.050016000000000005,0.048743,0.049495,0.049495,363097.0
2020-10-12,,,,,,
2020-10-13,,,,,,
2020-10-14,0.049808,0.050276999999999995,0.047304,0.048082,0.048082,386294.0
2020-10-15,0.048076999999999995,0.048792,0.045839,0.045848,0.045848,493509.0
2020-10-16,0.04584,0.046507,0.042175,0.043407,0.043407,679354.0
2020-10-17,0.043401,0.045748000000000004,0.043401,0.043873,0.043873,240393.0
2020-10-18,0.043897000000000005,0.045131,0.043507,0.044679,0.044679,237145.0
2020-10-19,0.044638,0.045049,0.041387,0.041993,0.041993,430209.0
2020-10-20,0.041994,0.042314,0.038244,0.040257,0.040257,463046.0
2020-10-21,0.040302,0.042429,0.040193,0.040855,0.040855,623417.0
2020-10-22,0.040855,0.043767,0.039514,0.04204,0.04204,748401.0
2020-10-23,0.042032,0.043497,0.040904,0.041129,0.041129,396638.0
2020-10-24,0.041129,0.041732,0.040032,0.040839,0.040839,367150.0
2020-10-25,0.040839,0.044953,0.039822,0.042863,0.042863,525493.0
2020-10-26,0.042863,0.057696000000000004,0.042863,0.045113,0.045113,3752743.0
2020-10-27,0.045113,0.048087,0.042329000000000006,0.043137,0.043137,1449210.0
2020-10-28,0.043137,0.043584,0.038557999999999995,0.039981,0.039981,554284.0
2020-10-29,0.039979,0.042705,0.039812,0.040044,0.040044,169106.0
2020-10-30,0.04004,0.040748,0.035874,0.04055,0.04055,446245.0
2020-10-31,0.04055,0.041474000000000004,0.038471,0.038659,0.038659,325286.0
2020-11-01,0.038659,0.039951,0.037536,0.039535,0.039535,278609.0
2020-11-02,0.039535,0.042367,0.037723,0.037995,0.037995,268541.0
2020-11-03,0.037995,0.038895,0.036681,0.037811000000000004,0.037811000000000004,587638.0
2020-11-04,0.037812,0.038388,0.036007,0.036993,0.036993,379780.0
2020-11-05,0.036993,0.038667,0.035232,0.038606,0.038606,589062.0
2020-11-06,0.038606,0.042113,0.038199000000000004,0.040684,0.040684,1019407.0
2020-11-07,0.040713,0.045288999999999996,0.035965,0.037344,0.037344,986260.0
2020-11-08,0.037314,0.041093,0.036985000000000004,0.040018,0.040018,336692.0
2020-11-09,0.040005,0.04249,0.037875,0.041754,0.041754,628728.0
2020-11-10,0.041747,0.048231,0.041105,0.046512,0.046512,1471451.0
2020-11-11,0.04651,0.05665,0.043764,0.043786,0.043786,1434722.0
2020-11-12,0.043782,0.059562000000000004,0.043271,0.057448,0.057448,429151.0
2020-11-13,0.057449,0.058599,0.050865,0.057989,0.057989,1370524.0
2020-11-14,0.057989,0.057989,0.050591000000000004,0.051877,0.051877,1113121.0
2020-11-15,0.051878,0.055534,0.048414,0.049628,0.049628,1347095.0
2020-11-16,0.049628,0.05330599999999999,0.047928,0.051571000000000006,0.051571000000000006,814494.0
2020-11-17,0.056401,0.063967,0.054423,0.058649,0.058649,2933579.0
2020-11-18,0.058651,0.083053,0.057953,0.075829,0.075829,7164522.0
2020-11-19,0.075836,0.08532200000000001,0.068767,0.06954099999999999,0.06954099999999999,3556691.0
2020-11-20,0.069539,0.08255599999999999,0.068839,0.07385800000000001,0.07385800000000001,683792.0
2020-11-21,0.073857,0.088851,0.072376,0.084516,0.084516,1955478.0
2020-11-22,0.084518,0.084536,0.070516,0.077896,0.077896,1491059.0
2020-11-23,0.077891,0.081479,0.073341,0.077626,0.077626,1033663.0
2020-11-24,0.077664,0.090633,0.077639,0.088886,0.088886,2605091.0
2020-11-25,0.08908300000000001,0.101478,0.082954,0.090044,0.090044,6971801.0
2020-11-26,0.090039,0.093302,0.07222999999999999,0.07714299999999999,0.07714299999999999,4993099.0
2020-11-27,0.077146,0.08395,0.073078,0.083161,0.083161,2332966.0
2020-11-28,0.08301499999999999,0.10282899999999999,0.081857,0.0935,0.0935,5190550.0
2020-11-29,0.093498,0.10086,0.089264,0.097528,0.097528,2616390.0
2020-11-30,0.097652,0.104024,0.094167,0.09664500000000001,0.09664500000000001,3508456.0
2020-12-01,0.096548,0.10090199999999999,0.085918,0.086241,0.086241,3303608.0
2020-12-02,0.086118,0.095478,0.078935,0.08001599999999999,0.08001599999999999,3783317.0
2020-12-03,0.08000299999999999,0.081919,0.073348,0.074916,0.074916,2633240.0
2020-12-04,0.074685,0.07515,0.066303,0.066951,0.066951,1941320.0
2020-12-05,0.066824,0.076196,0.06643500000000001,0.074183,0.074183,2243465.0
2020-12-06,0.074205,0.074955,0.06833600000000001,0.06855599999999999,0.06855599999999999,1989004.0
2020-12-07,0.068661,0.070789,0.067957,0.06922400000000001,0.06922400000000001,1506259.0
2020-12-08,0.069104,0.069712,0.06088300000000001,0.061585,0.061585,1322988.0
2020-12-09,0.061573,0.063135,0.055847,0.061922000000000005,0.061922000000000005,2070505.0
2020-12-10,0.061921000000000004,0.068843,0.060078999999999994,0.060265,0.060265,1383304.0
2020-12-11,0.060266999999999994,0.060436000000000004,0.055171000000000005,0.0569,0.0569,1766106.0
2020-12-12,0.057102999999999994,0.063361,0.056897,0.061560000000000004,0.061560000000000004,2079365.0
2020-12-13,0.061555,0.064826,0.061082000000000004,0.062247000000000004,0.062247000000000004,1411173.0
2020-12-14,0.062251,0.065839,0.061762,0.065373,0.065373,1392576.0
2020-12-15,0.065579,0.066205,0.062764,0.062919,0.062919,263572.0
2020-12-16,0.06291000000000001,0.063023,0.058865,0.061663,0.061663,2304953.0
2020-12-17,0.061778,0.062069000000000006,0.05645599999999999,0.058362,0.058362,3215711.0
2020-12-18,0.058342,0.06775199999999999,0.057775,0.060922000000000004,0.060922000000000004,1066250.0
2020-12-19,0.060937,0.066102,0.059517999999999995,0.062360000000000006,0.062360000000000006,625128.0
2020-12-20,0.062366,0.06590599999999999,0.060345,0.06324400000000001,0.06324400000000001,1540029.0
2020-12-21,0.06314,0.069465,0.05946,0.061236,0.061236,1843788.0
2020-12-22,0.061022,0.062039,0.05676900000000001,0.06091799999999999,0.06091799999999999,2062118.0
2020-12-23,0.060912,0.061546000000000003,0.047436,0.050849,0.050849,3057523.0
2020-12-24,0.050424000000000004,0.057428,0.046968,0.05728300000000001,0.05728300000000001,2633014.0
2020-12-25,0.05729600000000001,0.057526,0.052038,0.052634,0.052634,2550983.0
2020-12-26,0.052626,0.054983000000000004,0.051995000000000006,0.054522,0.054522,1704440.0
2020-12-27,0.054530999999999996,0.060949,0.054092999999999995,0.057767,0.057767,1788789.0
2020-12-28,0.05764400000000001,0.06239,0.056156,0.059216,0.059216,1807304.0
2020-12-29,0.059330999999999995,0.063898,0.054238,0.05835,0.05835,3072502.0
2020-12-30,0.058349,0.061152,0.05625,0.058641,0.058641,2247139.0
2020-12-31,0.058717,0.063819,0.05778,0.060413999999999995,0.060413999999999995,1672691.0
2021-01-01,0.060414999999999996,0.063641,0.059736000000000004,0.062478,0.062478,1583624.0
2021-01-02,0.062488,0.077088,0.062002,0.065776,0.065776,2313046.0
2021-01-03,0.065768,0.071121,0.06299099999999999,0.065801,0.065801,1595708.0
2021-01-04,0.065874,0.07174900000000001,0.058975,0.069189,0.069189,1888288.0
2021-01-05,0.069199,0.071384,0.06435199999999999,0.068604,0.068604,1780740.0
2021-01-06,0.068601,0.074941,0.067224,0.074121,0.074121,2248242.0
2021-01-07,0.07408200000000001,0.086384,0.07392699999999999,0.078627,0.078627,4187641.0
2021-01-08,0.07859400000000001,0.081488,0.072916,0.0752,0.0752,1843870.0
2021-01-09,0.075213,0.08429,0.074644,0.082656,0.082656,2152189.0
2021-01-10,0.08265800000000001,0.085565,0.07297200000000001,0.078638,0.078638,2157657.0
2021-01-11,0.078614,0.085312,0.063348,0.074998,0.074998,2490666.0
2021-01-12,0.075061,0.081571,0.070642,0.078928,0.078928,4410112.0
2021-01-13,0.07875700000000001,0.08052899999999999,0.075115,0.07788099999999999,0.07788099999999999,2119848.0
2021-01-14,0.078154,0.083622,0.076547,0.08339400000000001,0.08339400000000001,844513.0
2021-01-15,0.083716,0.085596,0.076663,0.084773,0.084773,2403653.0
2021-01-16,0.084774,0.08638,0.078135,0.07940599999999999,0.07940599999999999,2677568.0
2021-01-17,0.079359,0.089625,0.07556,0.088268,0.088268,2308340.0
2021-01-18,0.088996,0.09485700000000001,0.08440800000000001,0.091503,0.091503,766513.0
2021-01-19,0.091478,0.092751,0.083539,0.084061,0.084061,3109247.0
2021-01-20,0.084497,0.09921,0.081416,0.094539,0.094539,2924243.0
2021-01-21,0.094525,0.09866,0.08532999999999999,0.086284,0.086284,3347550.0
2021-01-22,0.08670800000000001,0.09206,0.08017200000000001,0.08749,0.08749,2921470.0
2021-01-23,0.087284,0.097501,0.086104,0.096131,0.096131,2715844.0
2021-01-24,0.096162,0.100695,0.089487,0.091757,0.091757,2214346.0
2021-01-25,0.091751,0.099037,0.087103,0.088647,0.088647,2172345.0
2021-01-26,0.088643,0.10708499999999999,0.08539400000000001,0.107021,0.107021,5224703.0
2021-01-27,0.10656099999999999,0.107876,0.095568,0.09626,0.09626,911279.0
2021-01-28,0.096256,0.098402,0.093135,0.09741699999999999,0.09741699999999999,3337412.0
2021-01-29,0.094309,0.097919,0.089174,0.09255,0.09255,4058788.0
2021-01-30,0.092343,0.10521300000000001,0.090563,0.09479299999999999,0.09479299999999999,7365340.0
2021-01-31,0.094721,0.10981500000000001,0.092613,0.10270599999999999,0.10270599999999999,6879306.0
2021-02-01,0.10271400000000001,0.10383599999999998,0.097348,0.101578,0.101578,9946793.0
2021-02-02,0.10155700000000001,0.103273,0.099583,0.101245,0.101245,4228758.0
2021-02-03,0.101224,0.110909,0.099785,0.10667599999999999,0.10667599999999999,3825947.0
2021-02-04,0.106716,0.118995,0.10443399999999999,0.116651,0.116651,5531935.0
2021-02-05,0.116656,0.126591,0.114021,0.121674,0.121674,4809590.0
2021-02-06,0.12135,0.121848,0.109696,0.11188699999999999,0.11188699999999999,3442960.0
2021-02-07,0.11187899999999999,0.114976,0.104832,0.11056600000000001,0.11056600000000001,1833662.0
2021-02-08,0.11086300000000002,0.11998699999999998,0.108377,0.11713900000000001,0.11713900000000001,3827914.0
2021-02-09,0.117622,0.12773900000000002,0.115448,0.12319300000000001,0.12319300000000001,3811216.0
2021-02-10,0.123189,0.13250499999999998,0.116369,0.12975699999999998,0.12975699999999998,3863716.0
2021-02-11,0.130148,0.141818,0.12905999999999998,0.137202,0.137202,5303991.0
2021-02-12,0.137578,0.164552,0.13492,0.160245,0.160245,6348118.0
2021-02-13,0.160054,0.174992,0.15567899999999998,0.167714,0.167714,6686647.0
2021-02-14,0.167736,0.17076,0.147798,0.154868,0.154868,6345693.0
2021-02-15,0.154877,0.159624,0.13686900000000002,0.152529,0.152529,7054905.0
2021-02-16,0.15246500000000002,0.167191,0.14848,0.15398199999999998,0.15398199999999998,5853532.0
2021-02-17,0.153907,0.15953299999999998,0.14618699999999998,0.154006,0.154006,6066336.0
2021-02-18,0.154415,0.18271300000000001,0.154161,0.177152,0.177152,7418921.0
2021-02-19,0.176899,0.18298699999999998,0.173572,0.1769,0.1769,5978934.0
2021-02-20,0.177197,0.20553400000000002,0.17285999999999999,0.189779,0.189779,10395328.0
2021-02-21,0.190203,0.23560100000000003,0.187376,0.192497,0.192497,4511589.0
2021-02-22,0.192642,0.19689700000000002,0.146331,0.16918,0.16918,1377741.0
2021-02-23,0.169051,0.169561,0.122126,0.136667,0.136667,3241209.0
2021-02-24,0.13705599999999998,0.152514,0.13170199999999999,0.14036700000000002,0.14036700000000002,3175041.0
2021-02-25,0.14010899999999998,0.15659700000000001,0.13438699999999998,0.13718699999999998,0.13718699999999998,4109761.0
2021-02-26,0.136901,0.153288,0.125781,0.14266800000000002,0.14266800000000002,5758961.0
2021-02-27,0.14268699999999998,0.15753399999999998,0.142238,0.146801,0.146801,6278022.0
2021-02-28,0.147097,0.153337,0.131248,0.150658,0.150658,1984562.0
2021-03-01,0.15071199999999998,0.17158299999999999,0.149377,0.157665,0.157665,4289664.0
2021-03-02,0.157169,0.163322,0.14491600000000002,0.148531,0.148531,3659474.0
2021-03-03,0.148529,0.164194,0.14746099999999998,0.15662,0.15662,4235181.0
2021-03-04,0.15659,0.176332,0.147856,0.170461,0.170461,7015854.0
2021-03-05,0.170225,0.170225,0.156021,0.163487,0.163487,5961225.0
2021-03-06,0.16337000000000002,0.20615999999999998,0.161924,0.201156,0.201156,15525667.0
2021-03-07,0.198755,0.238695,0.192392,0.197415,0.197415,13628510.0
2021-03-08,0.197221,0.208405,0.186581,0.192687,0.192687,7018473.0
2021-03-09,0.192496,0.227084,0.18932100000000002,0.225063,0.225063,6989635.0
2021-03-10,0.22534400000000002,0.227305,0.201948,0.20707399999999998,0.20707399999999998,2212144.0
2021-03-11,0.20692600000000003,0.226976,0.20083499999999999,0.21899200000000002,0.21899200000000002,4204909.0
2021-03-12,0.219129,0.242377,0.214241,0.233548,0.233548,6631801.0
2021-03-13,0.23298400000000002,0.284783,0.221162,0.272056,0.272056,12210054.0
2021-03-14,0.272784,0.296323,0.250447,0.250447,0.250447,8395123.0
2021-03-15,0.249901,0.26729899999999995,0.232808,0.256307,0.256307,2927310.0
2021-03-16,0.256439,0.288033,0.241011,0.262394,0.262394,6733012.0
2021-03-17,0.263239,0.294089,0.245,0.290523,0.290523,8552357.0
2021-03-18,0.290626,0.303879,0.271602,0.28425100000000003,0.28425100000000003,6673603.0
2021-03-19,0.284463,0.330809,0.276023,0.31861,0.31861,8270729.0
2021-03-20,0.319969,0.34437399999999996,0.31490100000000004,0.317917,0.317917,9013227.0
2021-03-21,0.318289,0.330296,0.291194,0.330296,0.330296,8284586.0
2021-03-22,0.336742,0.345495,0.296352,0.301746,0.301746,9740077.0
2021-03-23,0.301689,0.310015,0.283235,0.285003,0.285003,7792288.0
2021-03-24,0.285188,0.31743499999999997,0.274636,0.277144,0.277144,7884650.0
2021-03-25,0.277366,0.289302,0.261475,0.282452,0.282452,7304710.0
2021-03-26,0.282425,0.309272,0.282425,0.30807399999999996,0.30807399999999996,6820008.0
2021-03-27,0.308166,0.36189499999999997,0.295121,0.351625,0.351625,8658410.0
2021-03-28,0.351064,0.416493,0.349556,0.36391100000000004,0.36391100000000004,13752747.0
2021-03-29,0.363553,0.382127,0.358215,0.37200500000000003,0.37200500000000003,7851659.0
2021-03-30,0.372665,0.42467,0.372665,0.37702800000000003,0.37702800000000003,13797418.0
2021-03-31,0.37762399999999996,0.386262,0.35135500000000003,0.366356,0.366356,9120197.0
2021-04-01,0.376983,0.380542,0.333544,0.336622,0.336622,8381913.0
2021-04-02,0.336452,0.354898,0.328252,0.338835,0.338835,8380818.0
2021-04-03,0.33925,0.377692,0.335338,0.338598,0.338598,9166911.0
2021-04-04,0.338254,0.361135,0.33555100000000004,0.356683,0.356683,6103232.0
2021-04-05,0.356292,0.382251,0.342007,0.36085100000000003,0.36085100000000003,13804044.0
2021-04-06,0.361556,0.38901199999999997,0.361556,0.386763,0.386763,5897064.0
2021-04-07,0.38654299999999997,0.42655200000000004,0.357065,0.367442,0.367442,18849136.0
2021-04-08,0.366502,0.397951,0.364349,0.394857,0.394857,10757081.0
2021-04-09,0.394941,0.410524,0.375719,0.409436,0.409436,11902122.0
2021-04-10,0.409466,0.43140500000000004,0.398932,0.425403,0.425403,16787333.0
2021-04-11,0.425068,0.46535299999999996,0.41756800000000005,0.463422,0.463422,17580995.0
2021-04-12,0.462848,0.465081,0.42573,0.43196899999999994,0.43196899999999994,11459618.0
2021-04-13,0.43175399999999997,0.45555,0.409887,0.440396,0.440396,15313059.0
2021-04-14,0.439618,0.44175,0.41380200000000006,0.42971099999999995,0.42971099999999995,16986575.0
2021-04-15,0.42994499999999997,0.455125,0.42373999999999995,0.452638,0.452638,10501048.0
2021-04-16,0.452295,0.45845600000000003,0.40931100000000004,0.426937,0.426937,6199113.0
2021-04-17,0.42651300000000003,0.46841400000000005,0.42106099999999996,0.448525,0.448525,6293637.0
2021-04-18,0.448299,0.457345,0.360367,0.45067799999999997,0.45067799999999997,7606651.0
2021-04-19,0.45229300000000006,0.45471999999999996,0.38450700000000004,0.398564,0.398564,4993778.0
2021-04-20,0.39834,0.41945,0.360076,0.399022,0.399022,5526815.0
2021-04-21,0.39934400000000003,0.404737,0.361948,0.36525799999999997,0.36525799999999997,3539052.0
2021-04-22,0.365313,0.381986,0.344199,0.359133,0.359133,4305671.0
2021-04-23,0.358927,0.362018,0.276858,0.31075,0.31075,4921040.0
2021-04-24,0.31107399999999996,0.320651,0.28279,0.290259,0.290259,2906324.0
2021-04-25,0.290209,0.30951599999999996,0.26678,0.27816199999999996,0.27816199999999996,3461017.0
2021-04-26,0.278198,0.328959,0.278198,0.319762,0.319762,3491386.0
2021-04-27,0.319827,0.349686,0.316671,0.346169,0.346169,4200292.0
2021-04-28,0.347425,0.353443,0.32140799999999997,0.331366,0.331366,3914372.0
2021-04-29,0.331436,0.52586,0.32752,0.512955,0.512955,56039844.0
2021-04-30,0.5119319999999999,0.6792560000000001,0.464423,0.485009,0.485009,60740554.0
2021-05-01,0.486023,0.527089,0.46502200000000005,0.499096,0.499096,14281470.0
2021-05-02,0.49839300000000003,0.61314,0.47190200000000004,0.580263,0.580263,21746079.0
2021-05-03,0.581455,0.626831,0.5661729999999999,0.578846,0.578846,13291296.0
2021-05-04,0.579814,0.652683,0.531297,0.588777,0.588777,17074144.0
2021-05-05,0.589216,0.887861,0.581819,0.7643810000000001,0.7643810000000001,60113995.0
2021-05-06,0.76586,0.8804420000000001,0.562763,0.603429,0.603429,61162060.0
2021-05-07,0.601037,0.638191,0.518412,0.555787,0.555787,39749838.0
2021-05-08,0.5585439999999999,0.619786,0.524576,0.536366,0.536366,26317158.0
2021-05-09,0.538946,0.560398,0.471595,0.554784,0.554784,16305179.0
2021-05-10,0.5562189999999999,0.562049,0.43254,0.445308,0.445308,9952623.0
2021-05-11,0.44499799999999995,0.478734,0.433881,0.46374,0.46374,9855296.0
2021-05-12,0.46255,0.46813299999999997,0.365759,0.365759,0.365759,8499494.0
2021-05-13,0.35830500000000004,0.413253,0.341523,0.360007,0.360007,7992290.0
2021-05-14,0.360626,0.427262,0.351624,0.40184899999999996,0.40184899999999996,6802641.0
2021-05-15,0.401871,0.40284000000000003,0.359203,0.36294899999999997,0.36294899999999997,2936241.0
2021-05-16,0.362768,0.39021100000000003,0.32500500000000004,0.34677600000000003,0.34677600000000003,4161355.0
2021-05-17,0.345443,0.34788800000000003,0.29533899999999996,0.30828099999999997,0.30828099999999997,3758347.0
2021-05-18,0.30884,0.32884,0.30192800000000003,0.315429,0.315429,2464433.0
2021-05-19,0.314973,0.31997600000000004,0.15302000000000002,0.206496,0.206496,6193967.0
2021-05-20,0.205773,0.24237199999999998,0.183841,0.230917,0.230917,2396944.0
2021-05-21,0.231492,0.239891,0.164919,0.187743,0.187743,2414651.0
2021-05-22,0.187559,0.19237100000000001,0.165958,0.177473,0.177473,1507282.0
2021-05-23,0.177557,0.183863,0.13206600000000002,0.159073,0.159073,2859829.0
2021-05-24,0.158933,0.216346,0.15363800000000002,0.201994,0.201994,2449481.0
2021-05-25,0.20252799999999999,0.21325999999999998,0.19361099999999998,0.205835,0.205835,1686936.0
2021-05-26,0.20618000000000003,0.25269400000000003,0.205477,0.24803899999999998,0.24803899999999998,2861711.0
2021-05-27,0.248191,0.270301,0.22165300000000002,0.26099,0.26099,2597441.0
2021-05-28,0.260982,0.26472399999999996,0.204963,0.22652399999999998,0.22652399999999998,2475040.0
2021-05-29,0.227294,0.247798,0.201876,0.21416999999999997,0.21416999999999997,1993475.0
2021-05-30,0.21431,0.23100900000000002,0.20111500000000002,0.223316,0.223316,1105842.0
2021-05-31,0.223388,0.23463499999999998,0.206443,0.23387199999999997,0.23387199999999997,1427917.0
